-- phpMyAdmin SQL Dump
-- version 4.5.1
-- http://www.phpmyadmin.net
--
-- Client :  127.0.0.1
-- Généré le :  Mar 20 Décembre 2016 à 07:55
-- Version du serveur :  10.1.13-MariaDB
-- Version de PHP :  7.0.8

SET SQL_MODE = "NO_AUTO_VALUE_ON_ZERO";
SET time_zone = "+00:00";


/*!40101 SET @OLD_CHARACTER_SET_CLIENT=@@CHARACTER_SET_CLIENT */;
/*!40101 SET @OLD_CHARACTER_SET_RESULTS=@@CHARACTER_SET_RESULTS */;
/*!40101 SET @OLD_COLLATION_CONNECTION=@@COLLATION_CONNECTION */;
/*!40101 SET NAMES utf8mb4 */;

--
-- Base de données :  `congtylap`
--

-- --------------------------------------------------------

--
-- Structure de la table `account`
--

CREATE TABLE `account` (
  `Account` varchar(50) CHARACTER SET latin1 NOT NULL,
  `Password` varchar(50) CHARACTER SET latin1 NOT NULL
) ENGINE=InnoDB DEFAULT CHARSET=utf8 COLLATE=utf8_unicode_ci;

--
-- Contenu de la table `account`
--

INSERT INTO `account` (`Account`, `Password`) VALUES
('duc', '123'),
('dung', '123');

-- --------------------------------------------------------

--
-- Structure de la table `chitietdonhang`
--

CREATE TABLE `chitietdonhang` (
  `id` int(10) NOT NULL,
  `idpro` int(10) NOT NULL,
  `gia` int(50) NOT NULL,
  `soluong` int(50) NOT NULL,
  `thanhtien` int(50) NOT NULL,
  `iddonhang` int(11) NOT NULL
) ENGINE=InnoDB DEFAULT CHARSET=utf8 COLLATE=utf8_unicode_ci;

--
-- Contenu de la table `chitietdonhang`
--

INSERT INTO `chitietdonhang` (`id`, `idpro`, `gia`, `soluong`, `thanhtien`, `iddonhang`) VALUES
(9, 20, 12490000, 1, 12490000, 1),
(11, 20, 12490000, 1, 12490000, 2),
(12, 13, 12900000, 1, 12900000, 3),
(14, 20, 12490000, 3, 37470000, 4),
(16, 21, 17790000, 10, 177900000, 5),
(17, 20, 12490000, 1, 12490000, 5),
(18, 20, 12490000, 1, 12490000, 6),
(19, 16, 3890000, 1, 3890000, 6);

-- --------------------------------------------------------

--
-- Structure de la table `donhang`
--

CREATE TABLE `donhang` (
  `id` int(10) NOT NULL,
  `hoten` varchar(50) COLLATE utf8_unicode_ci NOT NULL,
  `diachi` varchar(200) COLLATE utf8_unicode_ci NOT NULL,
  `email` varchar(100) COLLATE utf8_unicode_ci NOT NULL,
  `phone` varchar(20) COLLATE utf8_unicode_ci NOT NULL,
  `ngaylap` date NOT NULL,
  `tongtien` int(50) NOT NULL,
  `thanhtoan` int(1) NOT NULL
) ENGINE=InnoDB DEFAULT CHARSET=utf8 COLLATE=utf8_unicode_ci;

--
-- Contenu de la table `donhang`
--

INSERT INTO `donhang` (`id`, `hoten`, `diachi`, `email`, `phone`, `ngaylap`, `tongtien`, `thanhtoan`) VALUES
(1, 'abc', 'abc', 'a@gmail.com', '0168884384', '2016-12-19', 12490000, 1),
(2, 'long', 'abc', 'long@gmail.com', '01684388897', '2016-12-19', 12490000, 1),
(3, 'an', 'abcacba', 'an@gmail.com', '01684388897', '2016-12-19', 12900000, 1),
(4, 'duc', 'Huế', 'duc@gmail.com', '01684388897', '2016-12-19', 37470000, 1),
(5, 'lan', 'lan', 'lan@gmail.com', '01234568923', '2016-12-19', 190390000, 0),
(6, 'linh', 'linh', 'linh@gmail.com', '0128593844', '2016-12-19', 16380000, 0);

-- --------------------------------------------------------

--
-- Structure de la table `lienhe`
--

CREATE TABLE `lienhe` (
  `id` int(10) NOT NULL,
  `hoten` varchar(50) COLLATE utf8_unicode_ci NOT NULL,
  `phone` varchar(20) COLLATE utf8_unicode_ci NOT NULL,
  `email` varchar(100) COLLATE utf8_unicode_ci NOT NULL,
  `noidung` varchar(500) COLLATE utf8_unicode_ci NOT NULL,
  `ngaygui` date NOT NULL
) ENGINE=InnoDB DEFAULT CHARSET=utf8 COLLATE=utf8_unicode_ci;

--
-- Contenu de la table `lienhe`
--

INSERT INTO `lienhe` (`id`, `hoten`, `phone`, `email`, `noidung`, `ngaygui`) VALUES
(3, 'Phan Quý Đức', '01684388897', 'abc@gmail.com', 'abcdef abc                                ', '2016-12-19'),
(4, 'minh', '01684388897', 'minh@gmail.com', 'aaa                                ', '2016-12-19'),
(5, 'linh', '01684394839', 'linh@gmail.com', 'Cho tôi hỏi?                                ', '2016-12-19'),
(6, 'lan', '01684388897', 'lan@gmail.com', 'Cho mình hỏi với?                                ', '2016-12-19'),
(7, 'Nhật Minh ', '016434384738', 'nm@gmail.com', 'iPad-Air-Wifi giá bao nhiêu vậy?               ', '2016-12-19'),
(8, 'Nguyễn Thị Loan', '016843894388', 'loan@gmail.com', 'Iphone 6 có trả góp ko bạn?                                ', '2016-12-19');

-- --------------------------------------------------------

--
-- Structure de la table `menucha`
--

CREATE TABLE `menucha` (
  `id` int(10) NOT NULL,
  `tenmenucha` varchar(30) COLLATE utf8_unicode_ci NOT NULL,
  `visible` varchar(10) CHARACTER SET latin1 NOT NULL
) ENGINE=InnoDB DEFAULT CHARSET=utf8 COLLATE=utf8_unicode_ci;

--
-- Contenu de la table `menucha`
--

INSERT INTO `menucha` (`id`, `tenmenucha`, `visible`) VALUES
(1, 'Laptop', 'True'),
(2, 'Tablet', 'True'),
(3, 'Smartphone', 'True');

-- --------------------------------------------------------

--
-- Structure de la table `menucon`
--

CREATE TABLE `menucon` (
  `id` int(10) NOT NULL,
  `tenmenucon` varchar(30) CHARACTER SET latin1 NOT NULL,
  `visible` varchar(10) CHARACTER SET latin1 NOT NULL,
  `idcha` int(10) NOT NULL
) ENGINE=InnoDB DEFAULT CHARSET=utf8 COLLATE=utf8_unicode_ci;

--
-- Contenu de la table `menucon`
--

INSERT INTO `menucon` (`id`, `tenmenucon`, `visible`, `idcha`) VALUES
(1, 'Asus', 'True', 1),
(2, 'Dell', 'True', 1),
(3, 'Hp', 'True', 1),
(4, 'Apple', 'True', 3),
(5, 'Samsung', 'True', 2),
(6, 'Htc', 'True', 3),
(7, 'Asus', 'True', 2),
(8, 'Apple', 'True', 2);

-- --------------------------------------------------------

--
-- Structure de la table `product`
--

CREATE TABLE `product` (
  `IdProduct` int(10) NOT NULL,
  `NameProduct` varchar(50) COLLATE utf8_unicode_ci NOT NULL,
  `ImageProduct` varchar(50) COLLATE utf8_unicode_ci NOT NULL,
  `IdMenuCon` varchar(10) COLLATE utf8_unicode_ci NOT NULL,
  `Price` int(10) NOT NULL,
  `Visible` varchar(10) COLLATE utf8_unicode_ci NOT NULL,
  `SPHot` varchar(10) COLLATE utf8_unicode_ci NOT NULL,
  `SPKM` varchar(10) COLLATE utf8_unicode_ci NOT NULL,
  `InfoProduct` text COLLATE utf8_unicode_ci NOT NULL,
  `baohanh` varchar(100) COLLATE utf8_unicode_ci NOT NULL,
  `khuyenmai` varchar(200) COLLATE utf8_unicode_ci NOT NULL,
  `soluong_pro` int(10) NOT NULL,
  `pricethitruong` int(10) NOT NULL,
  `thongso` text COLLATE utf8_unicode_ci NOT NULL
) ENGINE=MyISAM DEFAULT CHARSET=utf8 COLLATE=utf8_unicode_ci;

--
-- Contenu de la table `product`
--

INSERT INTO `product` (`IdProduct`, `NameProduct`, `ImageProduct`, `IdMenuCon`, `Price`, `Visible`, `SPHot`, `SPKM`, `InfoProduct`, `baohanh`, `khuyenmai`, `soluong_pro`, `pricethitruong`, `thongso`) VALUES
(1, 'Dell N5448/i5-5200U', 'Dell N5448 i5-5200U.jpg', '2', 15490000, 'True', 'False', 'False', '<h4 style="box-sizing: border-box; font-family: Arial, Helvetica, sans-serif; font-weight: 400; line-height: 26px; color: rgb(31, 31, 29); margin-top: 10px; margin-bottom: 10px; font-size: 20px;">\r\n	Đặc điểm nổi bật</h4>\r\n<div id="owl-feature" style="box-sizing: border-box; color: rgb(51, 51, 51); font-family: Arial, Helvetica, sans-serif; padding-bottom: 20px; text-align: justify; font-size: 14px;">\r\n	<p style="box-sizing: border-box; margin: 0px 0px 10px;">\r\n		<span style="box-sizing: border-box; font-family: Arial;"><span style="box-sizing: border-box; font-weight: 700;">Dell N5448 P49G001 - Laptop Core i5, ổ cứng 1TB giá hấp dẫn</span></span></p>\r\n	<p style="box-sizing: border-box; margin: 0px 0px 10px;">\r\n		<span style="box-sizing: border-box; font-family: Arial;"><span style="box-sizing: border-box; font-weight: 700;">Dell N5448 P49G001</span>&nbsp;mang đến những hiệu suất vượt trội với màn hình sắc nét cũng như các tính năng mạnh mẽ và đột phá. Với bộ vi xử lý Core i5 đời mới, chiếc laptop này hội tụ các yếu tố cũng như các tính năng giúp cho quá trình làm việc cũng như giải trí được thoải mái hơn. &nbsp;&nbsp;</span></p>\r\n	<p style="box-sizing: border-box; margin: 0px 0px 10px;">\r\n		<br style="box-sizing: border-box;" />\r\n		<span style="box-sizing: border-box; font-family: Arial;"><span style="box-sizing: border-box; font-weight: 700;">Thiết kế chắc chắn vốn là bản sắc của Dell</span></span></p>\r\n	<p style="box-sizing: border-box; margin: 0px 0px 10px;">\r\n		<span style="box-sizing: border-box; font-family: Arial;">Dell N5448 P49G001&nbsp;sở hữu thân máy vuông vức mạnh mẽ đầy nam tính nhưng các cạnh máy được bo tròn mềm mại tạo cảm giác mỏng và thanh lịch hơn. Laptop&nbsp;Dell N5448 P49G001&nbsp;có ngoại hình thích hợp cho những người thích sự cân đối.&nbsp;</span></p>\r\n	<p style="box-sizing: border-box; margin: 0px 0px 10px;">\r\n		<span style="box-sizing: border-box; font-family: Arial;">Mặt trên Laptop&nbsp;<span style="box-sizing: border-box; font-weight: 700;">Dell N5448 P49G001</span>&nbsp;nổi bật với logo Dell và nền vỏ nhám tạo sự sang trọng. Kết cấu chắc chắn giảm tối đa va đập và các tác động giúp cho chiếc laptop này bền hơn trong quá trình sử dụng.&nbsp;</span></p>\r\n	<p style="box-sizing: border-box; margin: 0px 0px 10px; text-align: center;">\r\n		<img alt="" data-original="http://cdn.viettelstore.vn/Images/Product/ProductImage/may-tinh/2-%20Delll/Dell%20N5448%20P49G001/Dell-N5448-P49G001-1.jpg" src="http://cdn.viettelstore.vn/Images/Product/ProductImage/may-tinh/2-%20Delll/Dell%20N5448%20P49G001/Dell-N5448-P49G001-1.jpg" style="box-sizing: border-box; border: 0px; vertical-align: middle; display: inline;" /></p>\r\n	<p style="box-sizing: border-box; margin: 0px 0px 10px; text-align: center;">\r\n		<span style="box-sizing: border-box; font-family: Arial;"><em style="box-sizing: border-box;">Thiết kế chắc chắn cùng vẻ ngoài lịch lãm, sang trọng là bản sắc thiết kế vốn có của Dell</em></span></p>\r\n	<p style="box-sizing: border-box; margin: 0px 0px 10px;">\r\n		<span style="box-sizing: border-box; font-family: Arial;">Máy được thiết kế với phần vỏ nhựa vuông vức, màu đen mạnh mẽ, logo Dell thiết kế chìm tạo nên sự khác biệt, đem đến sự hài hòa. Bên cạnh đó, bản lề to, chắc chắn mang đến cảm giác an toàn cho người dùng khi đóng mở nắp máy.</span></p>\r\n	<p style="box-sizing: border-box; margin: 0px 0px 10px;">\r\n		<span style="box-sizing: border-box; font-family: Arial;">Đây được cho là chiếc laptop thích hợp với những con người lịch lãm, yêu thích sự đơn giản, thể hiện lên cá tính chuyên nghiệp của người sử dụng, tất cả là nhờ vào dáng vẻ gọn gàng, cứng cáp, tinh tế mà ta thường thấy ở những thiết kế của dòng laptop Dell.</span></p>\r\n	<p style="box-sizing: border-box; margin: 0px 0px 10px;">\r\n		<br style="box-sizing: border-box;" />\r\n		<span style="box-sizing: border-box; font-family: Arial;"><span style="box-sizing: border-box; font-weight: 700;">Màn hình 14 inch kết hợp với hình ảnh hiển thị rực rỡ</span></span></p>\r\n	<p style="box-sizing: border-box; margin: 0px 0px 10px;">\r\n		<span style="box-sizing: border-box; font-family: Arial;">Dell N5448 P49G001&nbsp;được ứng dụng công nghệ màn hình HD WLED Truelife màn hình 14 inch cho khả năng hiển thị tốt trong nhiều điều kiện ánh sáng cao nhờ có độ tương phản tốt, đem lại sự thoải mái khi sử dụng đặc biệt là khi xem phim, chơi game hay giải trí, đều sẽ thuận lợi hơn.</span></p>\r\n	<p style="box-sizing: border-box; margin: 0px 0px 10px;">\r\n		<span style="box-sizing: border-box; font-family: Arial;">Với chiếc&nbsp;Dell N5448 P49G001&nbsp;này bạn có thể cùng bạn bè hoặc gia đình hòa mình vào các bộ phim bom tấn một cách hấp dẫn và thoải mái.</span></p>\r\n	<p style="box-sizing: border-box; margin: 0px 0px 10px; text-align: center;">\r\n		<span style="box-sizing: border-box; font-family: Arial;"><img alt="" data-original="http://cdn.viettelstore.vn/Images/Product/ProductImage/may-tinh/2-%20Delll/Dell%20N5448%20P49G001/Dell-N5448-P49G001-3.jpg" src="http://cdn.viettelstore.vn/Images/Product/ProductImage/may-tinh/2-%20Delll/Dell%20N5448%20P49G001/Dell-N5448-P49G001-3.jpg" style="box-sizing: border-box; border: 0px; vertical-align: middle; display: inline;" /></span></p>\r\n	<p style="box-sizing: border-box; margin: 0px 0px 10px; text-align: center;">\r\n		<span style="box-sizing: border-box; font-family: Arial;"><em style="box-sizing: border-box;">Màn hình rộng đi kèm với bàn phím kết hợp Touch Pad dễ dàng thao tác là những điểm cộng lớn đối với&nbsp;</em></span></p>\r\n	<p style="box-sizing: border-box; margin: 0px 0px 10px;">\r\n		<span style="box-sizing: border-box; font-family: Arial;">Ngoài ra, bàn phím được thiết kế khoảng cách vừa phải, các phím bố trí hợp lý, độ nảy cao cho bạn tốc độ gõ rất nhanh. Touchpad thiết kế rộng và nhạy, hỗ trợ nhiều thao tác khác nhau.</span></p>\r\n	<p style="box-sizing: border-box; margin: 0px 0px 10px;">\r\n		<br style="box-sizing: border-box;" />\r\n		<span style="box-sizing: border-box; font-family: Arial;"><span style="box-sizing: border-box; font-weight: 700;">Cấu hình vượt trội với vi xử lý Core i5</span></span></p>\r\n	<p style="box-sizing: border-box; margin: 0px 0px 10px;">\r\n		<span style="box-sizing: border-box; font-family: Arial;">Dell N5448 P49G001&nbsp;trang bị bộ vi xử lý Intel Core i5 thế hệ Broadwell và RAM 4GB giúp máy chạy mượt mà hơn. Ổ cứng 500GB cho bạn không gian khá lớn để chứa dữ liệu. Card đồ họa Intel HD Graphics tích hợp giúp bạn có thể chơi tốt các tựa game 3D phổ biến hiện nay, hỗ trợ bạn rất tốt khi bạn phải thường xuyên làm việc với các ứng dụng liên quan đến hình ảnh sắc nét, độ phân giải cao.</span></p>\r\n	<p style="box-sizing: border-box; margin: 0px 0px 10px; text-align: center;">\r\n		<span style="box-sizing: border-box; font-family: Arial;"><img alt="" data-original="http://cdn.viettelstore.vn/Images/Product/ProductImage/may-tinh/2-%20Delll/Dell%20N5448%20P49G001/Dell-N5448-P49G001-2.jpg" src="http://cdn.viettelstore.vn/Images/Product/ProductImage/may-tinh/2-%20Delll/Dell%20N5448%20P49G001/Dell-N5448-P49G001-2.jpg" style="box-sizing: border-box; border: 0px; vertical-align: middle; display: inline;" /></span></p>\r\n	<p style="box-sizing: border-box; margin: 0px 0px 10px; text-align: center;">\r\n		<span style="box-sizing: border-box; font-family: Arial;"><em style="box-sizing: border-box;"><span style="box-sizing: border-box; font-family: Arial, Helvetica, sans-serif; text-align: justify;">Dell N5448 P49G001</span>&nbsp;đáp ứng được đầy đủ nhu cầu sử dụng trong công việc và giải trí của bạn</em></span></p>\r\n	<p style="box-sizing: border-box; margin: 0px 0px 10px;">\r\n		<span style="box-sizing: border-box; font-family: Arial;">Với cấu hình này, máy có thể chạy mượt mà các tác vụ cơ bản như lướt web, soạn thảo văn bản, nghe nhạc hay xem phim, đáp ứng được các nhu cầu công việc và giải trí thường ngày của người dùng.</span></p>\r\n	<p style="box-sizing: border-box; margin: 0px 0px 10px;">\r\n		<br style="box-sizing: border-box;" />\r\n		<span style="box-sizing: border-box; font-family: Arial;"><span style="box-sizing: border-box; font-weight: 700;">Tối ưu dung lượng pin, hỗ trợ ổ cúng 1TB</span></span></p>\r\n	<p style="box-sizing: border-box; margin: 0px 0px 10px; text-align: center;">\r\n		<span style="box-sizing: border-box; font-family: Arial;"><img alt="" data-original="http://cdn.viettelstore.vn/Images/Product/ProductImage/may-tinh/2-%20Delll/Dell%20N5448%20P49G001/Dell-N5448-P49G001-4.jpg" src="http://cdn.viettelstore.vn/Images/Product/ProductImage/may-tinh/2-%20Delll/Dell%20N5448%20P49G001/Dell-N5448-P49G001-4.jpg" style="box-sizing: border-box; border: 0px; vertical-align: middle; display: inline;" /></span></p>\r\n	<p style="box-sizing: border-box; margin: 0px 0px 10px; text-align: center;">\r\n		<span style="box-sizing: border-box; font-family: Arial;"><em style="box-sizing: border-box;"><span style="box-sizing: border-box; font-family: Arial, Helvetica, sans-serif; text-align: justify;">Dell N5448 P49G001</span>&nbsp;được tích công nghệ tiết kiệm pin làm tăng tối đa thời gian trải nghiệm laptop của bạn</em></span></p>\r\n	<p style="box-sizing: border-box; margin: 0px 0px 10px;">\r\n		<span style="box-sizing: border-box; font-family: Arial;">Laptop&nbsp;Dell N5448 P49G001&nbsp;sử dụng viên pin được tối ưu với công nghệ tiết kiệm pin nên máy có thể hoạt động mát, êm ái và tiết kiệm điện năng. Laptop&nbsp;Dell N5448 P49G001&nbsp;có thể đáp ứng tốt nhu hàng ngày của bạn.</span></p>\r\n	<p style="box-sizing: border-box; margin: 0px 0px 10px;">\r\n		<span style="box-sizing: border-box; font-family: Arial;">Ngoài ra, ổ đĩa cứng 1TB được tích hợp trên máy&nbsp;Dell N5448 P49G001&nbsp;giúp cho bạn có thể chủ động hơn trong công việc lưu trữ dữ liệu cũng như quản lý các ứng dụng, trò chơi. Không còn phải lo nghĩ quá nhiều về tình trạng hết bộ nhớ trống, thoải mái xem các bộ phim bom tấn cực kỳ sắc nét.</span></p>\r\n	<p style="box-sizing: border-box; margin: 0px 0px 10px;">\r\n		<br style="box-sizing: border-box;" />\r\n		<span style="box-sizing: border-box; font-family: Arial;"><span style="box-sizing: border-box; font-weight: 700;">Hỗ trợ tối đa khả năng kết nối</span></span></p>\r\n	<p style="box-sizing: border-box; margin: 0px 0px 10px;">\r\n		<span style="box-sizing: border-box; font-family: Arial;">Giống với nhiều dòng Laptop cao cấp khác trên thị trường,&nbsp;<span style="box-sizing: border-box; font-weight: 700;">Dell N5448 P49G001</span>&nbsp;hỗ trợ đầy đủ các kết nối như: USB 2.0, USB 3.0, HDMI, LAN (RJ-45), khe cắm thẻ nhớ SD. Bên cạnh đó, Wifi luôn là một kết nối không thể thiếu để sẵn sàng cho những kết nối và chia sẻ dữ liệu của bạn.</span></p>\r\n</div>\r\n', '24 tháng', 'Usb 32GB', 1, 16000000, '<ul class="detail-main-specification" style="box-sizing: border-box; margin: 0px; padding: 0px; list-style: none; color: rgb(51, 51, 51); font-family: Arial, sans-serif; font-size: 14px;">\r\n	<li style="box-sizing: border-box; padding: 15px 0px; border-bottom: 1px solid rgb(235, 235, 235);">\r\n		<label style="box-sizing: border-box; display: table-cell; max-width: 100%; margin: 0px; padding: 0px 5px 0px 20px; width: 180px; vertical-align: middle;">Bộ vi xử lý :</label><span style="box-sizing: border-box; display: table-cell; line-height: 18px; vertical-align: middle; word-break: break-all;">Intel® Core™ i3-5005U Processor (3M Cache, 2.00 GHz)</span></li>\r\n	<li style="box-sizing: border-box; padding: 15px 0px; border-bottom: 1px solid rgb(235, 235, 235);">\r\n		<label style="box-sizing: border-box; display: table-cell; max-width: 100%; margin: 0px; padding: 0px 5px 0px 20px; width: 180px; vertical-align: middle;">Bộ nhớ RAM :</label><span style="box-sizing: border-box; display: table-cell; line-height: 18px; vertical-align: middle; word-break: break-all;">4 GB(DDR3L bus 1600MHz)</span></li>\r\n	<li style="box-sizing: border-box; padding: 15px 0px; border-bottom: 1px solid rgb(235, 235, 235);">\r\n		<label style="box-sizing: border-box; display: table-cell; max-width: 100%; margin: 0px; padding: 0px 5px 0px 20px; width: 180px; vertical-align: middle;">Đồ họa :</label><span style="box-sizing: border-box; display: table-cell; line-height: 18px; vertical-align: middle; word-break: break-all;">AMD Radeon(TM) R7 M265 (2GB)</span></li>\r\n	<li style="box-sizing: border-box; padding: 15px 0px; border-bottom: 1px solid rgb(235, 235, 235);">\r\n		<label style="box-sizing: border-box; display: table-cell; max-width: 100%; margin: 0px; padding: 0px 5px 0px 20px; width: 180px; vertical-align: middle;">Ổ đĩa cứng :</label><span style="box-sizing: border-box; display: table-cell; line-height: 18px; vertical-align: middle; word-break: break-all;">500 GB(HDD 5400rpm)</span></li>\r\n	<li style="box-sizing: border-box; padding: 15px 0px; border-bottom: 1px solid rgb(235, 235, 235);">\r\n		<label style="box-sizing: border-box; display: table-cell; max-width: 100%; margin: 0px; padding: 0px 5px 0px 20px; width: 180px; vertical-align: middle;">Màn hình :</label><span style="box-sizing: border-box; display: table-cell; line-height: 18px; vertical-align: middle; word-break: break-all;">14 inch (HD LED, 1366 x 768 pixels)</span></li>\r\n	<li style="box-sizing: border-box; padding: 15px 0px; border-bottom: 1px solid rgb(235, 235, 235);">\r\n		<label style="box-sizing: border-box; display: table-cell; max-width: 100%; margin: 0px; padding: 0px 5px 0px 20px; width: 180px; vertical-align: middle;">Hệ điều hành :</label><span style="box-sizing: border-box; display: table-cell; line-height: 18px; vertical-align: middle; word-break: break-all;">Free DOS</span></li>\r\n	<li style="box-sizing: border-box; padding: 15px 0px; border-bottom: 1px solid rgb(235, 235, 235);">\r\n		<label style="box-sizing: border-box; display: table-cell; max-width: 100%; margin: 0px; padding: 0px 5px 0px 20px; width: 180px; vertical-align: middle;">Kết nối :</label><span style="box-sizing: border-box; display: table-cell; line-height: 18px; vertical-align: middle; word-break: break-all;">LAN, Wi-Fi, USB 2.0, USB 3.0, HDMI</span></li>\r\n	<li style="box-sizing: border-box; padding: 15px 0px; border-bottom: 0px;">\r\n		<label style="box-sizing: border-box; display: table-cell; max-width: 100%; margin: 0px; padding: 0px 5px 0px 20px; width: 180px; vertical-align: middle;">Pin :</label><span style="box-sizing: border-box; display: table-cell; line-height: 18px; vertical-align: middle; word-break: break-all;">3 Cel</span></li>\r\n</ul>\r\n'),
(21, 'iPhone 7 32GB', 'iPhone 7 32GB.jpg', '4', 17790000, 'True', 'True', 'True', '<p style="box-sizing: border-box; margin: 0px 0px 10px; color: rgb(51, 51, 51); font-family: Arial, Helvetica, sans-serif; font-size: 14px; text-align: justify;">\r\n	<span style="font-family: Arial;">Thật không ngoa nếu nói&nbsp;</span><span style="font-family: Arial; box-sizing: border-box; font-weight: 700;">iPhone 7 Plus</span><span style="font-family: Arial;">&nbsp;là siêu phẩm đáng mua nhất hiện nay. Cả về thiết kế tinh tế cùng nhiều thay đổi đáng giá, camera kép lạ mắt chất lượng đến cấu hình được trang bị cao gấp 120 lần so với đời đầu.&nbsp;</span></p>\r\n<p style="box-sizing: border-box; margin: 0px 0px 10px; color: rgb(51, 51, 51); font-family: Arial, Helvetica, sans-serif; font-size: 14px; text-align: center;">\r\n	<img alt="" data-original="http://cdn.viettelstore.vn/Images/Product/ProductImage/dien-thoai/Apple/iPhone%207%20Plus/2/iPhone-7-Plus-1.jpg" src="http://cdn.viettelstore.vn/Images/Product/ProductImage/dien-thoai/Apple/iPhone%207%20Plus/2/iPhone-7-Plus-1.jpg" style="box-sizing: border-box; border: 0px; vertical-align: middle; display: inline;" /></p>\r\n<p style="box-sizing: border-box; margin: 0px 0px 10px; color: rgb(51, 51, 51); font-family: Arial, Helvetica, sans-serif; font-size: 14px; text-align: justify;">\r\n	<br style="box-sizing: border-box;" />\r\n	<span style="box-sizing: border-box; font-family: Arial;"><span style="box-sizing: border-box; font-weight: 700;">Thiết kế hoàn thiện hơn</span></span></p>\r\n<p style="box-sizing: border-box; margin: 0px 0px 10px; color: rgb(51, 51, 51); font-family: Arial, Helvetica, sans-serif; font-size: 14px; text-align: center;">\r\n	<img alt="" data-original="http://cdn.viettelstore.vn/Images/Product/ProductImage/dien-thoai/Apple/iPhone%207%20Plus/2/iPhone-7-Plus-2.jpg" src="http://cdn.viettelstore.vn/Images/Product/ProductImage/dien-thoai/Apple/iPhone%207%20Plus/2/iPhone-7-Plus-2.jpg" style="box-sizing: border-box; border: 0px; vertical-align: middle; display: inline;" /></p>\r\n<p style="box-sizing: border-box; margin: 0px 0px 10px; color: rgb(51, 51, 51); font-family: Arial, Helvetica, sans-serif; font-size: 14px; text-align: justify;">\r\n	<span style="box-sizing: border-box; font-family: Arial;">Vẫn là thiết kế nhôm nguyên khối nhưng&nbsp;<span style="box-sizing: border-box; font-weight: 700;">iPhone 7 Plus</span>&nbsp;đã có những nét thay đổi tinh tế khi đưa ra hai dải ăng-ten lên sát hai cạnh trên dưới đồng thời bỏ đi jack cắm tai nghe 3.5mm. Điểm nhấn ấn tượng nhất về ngoại hình của iPhone 7 Plus là việc Apple bỏ đi màu xám không gian từng được rất ưa chuộng trên các model cũ để bổ sung thêm tùy chọn màu đen mờ (màu đen bóng Jet Black chỉ có trên iPhone 7 Plus bản 128 GB và 256 GB).</span></p>\r\n<p style="box-sizing: border-box; margin: 0px 0px 10px; color: rgb(51, 51, 51); font-family: Arial, Helvetica, sans-serif; font-size: 14px; text-align: justify;">\r\n	<br style="box-sizing: border-box;" />\r\n	<span style="box-sizing: border-box; font-family: Arial;"><span style="box-sizing: border-box; font-weight: 700;">Camera chất lượng đột phá như máy ảnh chuyên nghiệp</span></span></p>\r\n<p style="box-sizing: border-box; margin: 0px 0px 10px; color: rgb(51, 51, 51); font-family: Arial, Helvetica, sans-serif; font-size: 14px; text-align: center;">\r\n	<img alt="" data-original="http://cdn.viettelstore.vn/Images/Product/ProductImage/dien-thoai/Apple/iPhone%207%20Plus/2/iPhone-7-Plus-3.jpg" src="http://cdn.viettelstore.vn/Images/Product/ProductImage/dien-thoai/Apple/iPhone%207%20Plus/2/iPhone-7-Plus-3.jpg" style="box-sizing: border-box; border: 0px; vertical-align: middle; display: inline;" /></p>\r\n<p style="box-sizing: border-box; margin: 0px 0px 10px; color: rgb(51, 51, 51); font-family: Arial, Helvetica, sans-serif; font-size: 14px; text-align: justify;">\r\n	<span style="box-sizing: border-box; font-family: Arial;">iPhone 7 Plus đi kèm với một camera kép độ phân giải đồng thời 12MP, trong số đó có một ống kính góc rộng khẩu độ lên đến f/1.8 và một ống kính zoom (tele) lên đến 10x, cùng tính năng ổn định hình ảnh quang học tự động. Nó cũng bao gồm một đèn flash 2 tông màu và đèn flash quad-LED. Camera hỗ trợ quay film 4K 60fps, chụp xóa phông, chụp trước lấy nét sau như một máy ảnh chuyên nghiệp. Camera trước độ phân giải 7MP chụp selfie tốt hơn và tự động chống rung.</span></p>\r\n<p style="box-sizing: border-box; margin: 0px 0px 10px; color: rgb(51, 51, 51); font-family: Arial, Helvetica, sans-serif; font-size: 14px; text-align: justify;">\r\n	<br style="box-sizing: border-box;" />\r\n	<span style="box-sizing: border-box; font-family: Arial;"><span style="box-sizing: border-box; font-weight: 700;">Nút Home hoàn toàn mới</span></span></p>\r\n<p style="box-sizing: border-box; margin: 0px 0px 10px; color: rgb(51, 51, 51); font-family: Arial, Helvetica, sans-serif; font-size: 14px; text-align: center;">\r\n	<img alt="" data-original="http://cdn.viettelstore.vn/Images/Product/ProductImage/dien-thoai/Apple/iPhone%207%20Plus/2/iPhone-7-Plus-4.jpg" src="http://cdn.viettelstore.vn/Images/Product/ProductImage/dien-thoai/Apple/iPhone%207%20Plus/2/iPhone-7-Plus-4.jpg" style="box-sizing: border-box; border: 0px; vertical-align: middle; display: inline;" /></p>\r\n<p style="box-sizing: border-box; margin: 0px 0px 10px; color: rgb(51, 51, 51); font-family: Arial, Helvetica, sans-serif; font-size: 14px; text-align: justify;">\r\n	<span style="box-sizing: border-box; font-family: Arial;">Với chiếc điện thoại thế hệ mới, Apple đã “xóa sổ” hoàn toàn nút bấm vật lý trên màn hình iPhone. Giờ đây nút Home ở vị trí cũ đã trở thành cảm ứng, khi bạn nhấn xuống nó vẫn cảm nhận lực và sẽ rung nhẹ để bạn biết rằng bạn đã tương tác. Apple đã sử dụng Taptic Engine trên Force Touch của Macbook cho chiếc iPhone mới này. Mặc dù vậy phím Home vẫn có cảm biến vân tay Touch ID và tích hợp nhiều tính năng bảo mật.</span></p>\r\n<p style="box-sizing: border-box; margin: 0px 0px 10px; color: rgb(51, 51, 51); font-family: Arial, Helvetica, sans-serif; font-size: 14px; text-align: justify;">\r\n	<br style="box-sizing: border-box;" />\r\n	<span style="box-sizing: border-box; font-family: Arial;"><span style="box-sizing: border-box; font-weight: 700;">Hiệu năng vượt trội với chip A10 Fusion mới</span></span></p>\r\n<p style="box-sizing: border-box; margin: 0px 0px 10px; color: rgb(51, 51, 51); font-family: Arial, Helvetica, sans-serif; font-size: 14px; text-align: center;">\r\n	<img alt="" data-original="http://cdn.viettelstore.vn/Images/Product/ProductImage/dien-thoai/Apple/iPhone%207%20Plus/2/iPhone-7-Plus-5.jpg" src="http://cdn.viettelstore.vn/Images/Product/ProductImage/dien-thoai/Apple/iPhone%207%20Plus/2/iPhone-7-Plus-5.jpg" style="box-sizing: border-box; border: 0px; vertical-align: middle; display: inline;" /></p>\r\n<p style="box-sizing: border-box; margin: 0px 0px 10px; color: rgb(51, 51, 51); font-family: Arial, Helvetica, sans-serif; font-size: 14px; text-align: justify;">\r\n	<span style="box-sizing: border-box; font-family: Arial;">iPhone 7 Plus sử dụng chip A10 Fusion 4 lõi, 64-bit với tốc độc cực nhanh. Apple công bố con chip này có hiệu năng xử lý cao hơn 40% so với chip A9 và gấp 2 lần so với chip A8. Đặc biệt là nó còn cao gấp 120 lần so với iPhone đời đầu. Đi cùng đó là sự nâng cấp về bộ nhớ trong, phiên bản 16 GB trước đây đã bị loại bỏ, thay vào đó chúng ta sẽ có bộ nhớ trong ban đầu để có thể thoải mái lưu trữ.</span></p>\r\n<p style="box-sizing: border-box; margin: 0px 0px 10px; color: rgb(51, 51, 51); font-family: Arial, Helvetica, sans-serif; font-size: 14px; text-align: justify;">\r\n	<br style="box-sizing: border-box;" />\r\n	<span style="box-sizing: border-box; font-family: Arial;"><span style="box-sizing: border-box; font-weight: 700;">Tính năng chống nước tiện lợi</span></span></p>\r\n<p style="box-sizing: border-box; margin: 0px 0px 10px; color: rgb(51, 51, 51); font-family: Arial, Helvetica, sans-serif; font-size: 14px; text-align: center;">\r\n	<span style="box-sizing: border-box; font-family: Arial;"><span style="box-sizing: border-box; font-weight: 700;"><img alt="" data-original="http://cdn.viettelstore.vn/Images/Product/ProductImage/dien-thoai/Apple/iPhone%207%20Plus/2/iPhone-7-Plus.gif" src="http://cdn.viettelstore.vn/Images/Product/ProductImage/dien-thoai/Apple/iPhone%207%20Plus/2/iPhone-7-Plus.gif" style="box-sizing: border-box; border: 0px; vertical-align: middle; display: inline;" /></span></span></p>\r\n<p style="box-sizing: border-box; margin: 0px 0px 10px; color: rgb(51, 51, 51); font-family: Arial, Helvetica, sans-serif; font-size: 14px; text-align: justify;">\r\n	<span style="box-sizing: border-box; font-family: Arial;">Có thể nói tính năng chống nước là điều làm hài lòng nhất các tín đồ nhà Táo. Với tiêu chuẩn chống nước IP67 sẽ giúp iPhone mới có thể sống ở độ sâu 1 mét dưới nước trong 30 phút, vậy là từ nay bạn sẽ quên đi nỗi lo về thấm nước trên&nbsp;<span style="box-sizing: border-box; font-weight: 700;">iPhone 7 Plus</span>&nbsp;khi đi dưới trời mua hay lỡ tay rớt nước.</span></p>\r\n', '1 năm', 'Ba lô', 2, 18000000, '<ul class="detail-main-specification" style="box-sizing: border-box; margin: 0px; padding: 0px; list-style: none; color: rgb(51, 51, 51); font-family: Arial, sans-serif; font-size: 14px;">\r\n	<li style="box-sizing: border-box; padding: 15px 0px; border-bottom: 1px solid rgb(235, 235, 235);">\r\n		<label style="box-sizing: border-box; display: table-cell; max-width: 100%; margin: 0px; padding: 0px 5px 0px 20px; width: 180px; vertical-align: middle;">Màn hình :</label><span style="box-sizing: border-box; display: table-cell; line-height: 18px; vertical-align: middle; word-break: break-all;">4.7 inch(1334 x 750 pixel)</span></li>\r\n	<li style="box-sizing: border-box; padding: 15px 0px; border-bottom: 1px solid rgb(235, 235, 235);">\r\n		<label style="box-sizing: border-box; display: table-cell; max-width: 100%; margin: 0px; padding: 0px 5px 0px 20px; width: 180px; vertical-align: middle;">Camera :</label><span style="box-sizing: border-box; display: table-cell; line-height: 18px; vertical-align: middle; word-break: break-all;">Chính: 12.0 MP, Phụ: 7.0 MP</span></li>\r\n	<li style="box-sizing: border-box; padding: 15px 0px; border-bottom: 1px solid rgb(235, 235, 235);">\r\n		<label style="box-sizing: border-box; display: table-cell; max-width: 100%; margin: 0px; padding: 0px 5px 0px 20px; width: 180px; vertical-align: middle;">Bộ nhớ trong :</label><span style="box-sizing: border-box; display: table-cell; line-height: 18px; vertical-align: middle; word-break: break-all;">32 GB</span></li>\r\n	<li style="box-sizing: border-box; padding: 15px 0px; border-bottom: 1px solid rgb(235, 235, 235);">\r\n		<label style="box-sizing: border-box; display: table-cell; max-width: 100%; margin: 0px; padding: 0px 5px 0px 20px; width: 180px; vertical-align: middle;">Hệ điều hành :</label><span style="box-sizing: border-box; display: table-cell; line-height: 18px; vertical-align: middle; word-break: break-all;">iOS 10</span></li>\r\n	<li style="box-sizing: border-box; padding: 15px 0px; border-bottom: 1px solid rgb(235, 235, 235);">\r\n		<label style="box-sizing: border-box; display: table-cell; max-width: 100%; margin: 0px; padding: 0px 5px 0px 20px; width: 180px; vertical-align: middle;">Chipset :</label><span style="box-sizing: border-box; display: table-cell; line-height: 18px; vertical-align: middle; word-break: break-all;">Apple A10</span></li>\r\n	<li style="box-sizing: border-box; padding: 15px 0px; border-bottom: 1px solid rgb(235, 235, 235);">\r\n		<label style="box-sizing: border-box; display: table-cell; max-width: 100%; margin: 0px; padding: 0px 5px 0px 20px; width: 180px; vertical-align: middle;">GPU :</label><span style="box-sizing: border-box; display: table-cell; line-height: 18px; vertical-align: middle; word-break: break-all;">M10</span></li>\r\n	<li style="box-sizing: border-box; padding: 15px 0px; border-bottom: 0px;">\r\n		<label style="box-sizing: border-box; display: table-cell; max-width: 100%; margin: 0px; padding: 0px 5px 0px 20px; width: 180px; vertical-align: middle;">Kích thước :</label><span style="box-sizing: border-box; display: table-cell; line-height: 18px; vertical-align: middle; word-break: break-all;">138.3 x 67.1 x 7.1 mm</span></li>\r\n</ul>\r\n'),
(2, 'Dell V5480/i3-4005U', 'Dell V5480 i3-4005U.jpeg', '2', 11690000, 'True', 'False', 'True', '<p style="margin: 0px; padding: 0px; font-variant-numeric: inherit; font-stretch: inherit; line-height: inherit; font-family: Tahoma, sans-serif; vertical-align: inherit; color: rgb(0, 0, 0); text-align: justify;">\r\n	&nbsp;</p>\r\n<p style="margin: 0px; padding: 0px; font-variant-numeric: inherit; font-stretch: inherit; line-height: inherit; font-family: Tahoma, sans-serif; vertical-align: inherit; color: rgb(0, 0, 0); text-align: justify;">\r\n	<em style="margin: 0px; padding: 0px; font-variant: inherit; font-weight: inherit; font-stretch: inherit; font-size: inherit; line-height: inherit; font-family: inherit; vertical-align: inherit;"><strong style="margin: 0px; padding: 0px; font-style: inherit; font-variant: inherit; font-stretch: inherit; font-size: inherit; line-height: inherit; font-family: inherit; vertical-align: inherit;">Trong các loại máy tính xách tay tầm trung dành cho học sinh, sinh viên và giới văn phòng, laptop Dell Vostro V5480A được xem là lựa chọn phù hợp nhất nhờ sở hữu mẫu mã thời trang và cấu hình mạnh mẽ và giá bán chỉ hơn 11 triệu đồng.</strong></em></p>\r\n<p style="margin: 0px; padding: 0px; font-variant-numeric: inherit; font-stretch: inherit; line-height: inherit; font-family: Tahoma, sans-serif; vertical-align: inherit; color: rgb(0, 0, 0); text-align: justify;">\r\n	&nbsp;</p>\r\n<p style="margin: 0px; padding: 0px; font-variant-numeric: inherit; font-stretch: inherit; line-height: inherit; font-family: Tahoma, sans-serif; vertical-align: inherit; color: rgb(0, 0, 0); text-align: justify;">\r\n	<a href="https://www.phucanh.vn/dell-vostro-v5480-vti31008-core-i3-4005u-4gb-500gb-140inch.html" style="margin: 0px; padding: 0px; font-style: inherit; font-variant: inherit; font-weight: inherit; font-stretch: inherit; font-size: inherit; line-height: inherit; font-family: inherit; vertical-align: inherit; text-decoration: none;">Vostro 5480</a>&nbsp;có ngoại hình nổi bật nhờ thiết kế vỏ nhôm thanh mảnh nhưng không kém phần cá tính. Đây là dòng&nbsp;<strong style="margin: 0px; padding: 0px; font-style: inherit; font-variant: inherit; font-stretch: inherit; font-size: inherit; line-height: inherit; font-family: inherit; vertical-align: inherit;">laptop siêu mỏng</strong>&nbsp;và chỉ nặng 1.5 kg, rất phù hợp và thuận tiện đối với những người thường xuyên phải di chuyển.</p>\r\n<p style="margin: 0px; padding: 0px; font-variant-numeric: inherit; font-stretch: inherit; line-height: inherit; font-family: Tahoma, sans-serif; vertical-align: inherit; color: rgb(0, 0, 0); text-align: center;">\r\n	<img alt="" height="276" src="https://www.phucanh.vn/media/news/0805_Dell5480_1.jpg" style="margin: 0px; padding: 0px; font-style: inherit; font-variant: inherit; font-weight: inherit; font-stretch: inherit; font-size: inherit; line-height: inherit; font-family: inherit; vertical-align: inherit; border: 0px; outline: 0px;" width="401" /></p>\r\n<p style="margin: 0px; padding: 0px; font-variant-numeric: inherit; font-stretch: inherit; line-height: inherit; font-family: Tahoma, sans-serif; vertical-align: inherit; color: rgb(0, 0, 0); text-align: center;">\r\n	<em style="margin: 0px; padding: 0px; font-variant: inherit; font-weight: inherit; font-stretch: inherit; font-size: inherit; line-height: inherit; font-family: inherit; vertical-align: inherit;">Thiết kế vỏ nhôm thanh mảnh, cá tính</em></p>\r\n<p style="margin: 0px; padding: 0px; font-variant-numeric: inherit; font-stretch: inherit; line-height: inherit; font-family: Tahoma, sans-serif; vertical-align: inherit; color: rgb(0, 0, 0); text-align: center;">\r\n	&nbsp;</p>\r\n<p style="margin: 0px; padding: 0px; font-variant-numeric: inherit; font-stretch: inherit; line-height: inherit; font-family: Tahoma, sans-serif; vertical-align: inherit; color: rgb(0, 0, 0); text-align: justify;">\r\n	Thiết kế bên ngoài bằng hợp kim không chỉ đem lại cho chiếc&nbsp;<a href="https://www.phucanh.vn/may-tinh-xach-tay-laptop.html" style="margin: 0px; padding: 0px; font-style: inherit; font-variant: inherit; font-weight: inherit; font-stretch: inherit; font-size: inherit; line-height: inherit; font-family: inherit; vertical-align: inherit; text-decoration: none;">máy tính</a>&nbsp;vẻ sang trọng, đẹp mắt mà còn giúp chống trượt và hạn chế dấu vân tay hiệu quả. Sản phẩm được tích hợp đầy đủ các cổng kết nối, cổng HDMI, khe cắm thẻ SD và webcam HD 720 kết hợp micro… bố trí một cách thông minh và tiện lợi. Ngoài ra, bạn cũng có thể sạc điện cho thiết bị bên ngoài qua cổng USB 3.0 ngay cả khi tắt máy tính.</p>\r\n<p style="margin: 0px; padding: 0px; font-variant-numeric: inherit; font-stretch: inherit; line-height: inherit; font-family: Tahoma, sans-serif; vertical-align: inherit; color: rgb(0, 0, 0); text-align: justify;">\r\n	Điểm đặc biệt của chiếc máy tính xách tay siêu mỏng này là được trang bị hệ thống tản nhiệt công nghệ&nbsp;<strong style="margin: 0px; padding: 0px; font-style: inherit; font-variant: inherit; font-stretch: inherit; font-size: inherit; line-height: inherit; font-family: inherit; vertical-align: inherit;">Intel Hyperbaric Cooling</strong>. Luồng không khí sau khi được lấy qua bề mặt bàn phím, khe thông gió sẽ được đẩy ra ngoài bên cạnh sau máy, giúp người sử dụng có thể sử dùng trong thời gian dài một cách thoải mái.</p>\r\n<p style="margin: 0px; padding: 0px; font-variant-numeric: inherit; font-stretch: inherit; line-height: inherit; font-family: Tahoma, sans-serif; vertical-align: inherit; color: rgb(0, 0, 0); text-align: justify;">\r\n	&nbsp;</p>\r\n<p style="margin: 0px; padding: 0px; font-variant-numeric: inherit; font-stretch: inherit; line-height: inherit; font-family: Tahoma, sans-serif; vertical-align: inherit; color: rgb(0, 0, 0);">\r\n	<img alt="" height="262" src="https://www.phucanh.vn/media/news/0805_Dell5480_2.jpg" style="margin: 0px auto; padding: 0px; font-style: inherit; font-variant: inherit; font-weight: inherit; font-stretch: inherit; font-size: inherit; line-height: inherit; font-family: inherit; vertical-align: inherit; border: 0px; outline: 0px; display: block;" width="346" /></p>\r\n<p style="margin: 0px; padding: 0px; font-variant-numeric: inherit; font-stretch: inherit; line-height: inherit; font-family: Tahoma, sans-serif; vertical-align: inherit; color: rgb(0, 0, 0); text-align: center;">\r\n	<em style="margin: 0px; padding: 0px; font-variant: inherit; font-weight: inherit; font-stretch: inherit; font-size: inherit; line-height: inherit; font-family: inherit; vertical-align: inherit;">&nbsp;Các cổng giao tiếp trang bị thông minh, tiện lợi</em></p>\r\n<p style="margin: 0px; padding: 0px; font-variant-numeric: inherit; font-stretch: inherit; line-height: inherit; font-family: Tahoma, sans-serif; vertical-align: inherit; color: rgb(0, 0, 0);">\r\n	&nbsp;</p>\r\n<p style="margin: 0px; padding: 0px; font-variant-numeric: inherit; font-stretch: inherit; line-height: inherit; font-family: Tahoma, sans-serif; vertical-align: inherit; color: rgb(0, 0, 0);">\r\n	<a href="https://www.phucanh.vn/dell-vostro-v5480-vti31008-core-i3-4005u-4gb-500gb-140inch.html" style="margin: 0px; padding: 0px; font-style: inherit; font-variant: inherit; font-weight: inherit; font-stretch: inherit; font-size: inherit; line-height: inherit; font-family: inherit; vertical-align: inherit; text-decoration: none;">Máy tính Dell Vostro 5480</a>&nbsp;được trang bị màn hình 14 inch, độ phân giải HD 1366x768, công nghệ TrueLife giúp hình ảnh sống động và sắc nét. Ngoài ra, màn hình cũng có thể mở với góc hơn 130 độ, làm tăng tính linh động cho người sử dụng.</p>\r\n<p style="margin: 0px; padding: 0px; font-variant-numeric: inherit; font-stretch: inherit; line-height: inherit; font-family: Tahoma, sans-serif; vertical-align: inherit; color: rgb(0, 0, 0); text-align: justify;">\r\n	Laptop Dell 5480 sở hữu bộ loa với&nbsp;<a href="https://www.phucanh.vn/tim?scat_id=180&amp;q=loa" style="margin: 0px; padding: 0px; font-style: inherit; font-variant: inherit; font-weight: inherit; font-stretch: inherit; font-size: inherit; line-height: inherit; font-family: inherit; vertical-align: inherit; text-decoration: none;">công nghệ âm thanh</a>&nbsp;Waves MaxxAudio 4.0, đồng thời kết hợp loa siêu trầm nằm phía dưới mang đến hiệu ứng âm thanh chân thực, mượt mà. Bàn phím chilet và Touchpad được thiết kế thành một khối liền giúp thao tác thuận lợi, nhanh chóng.</p>\r\n<p style="margin: 0px; padding: 0px; font-variant-numeric: inherit; font-stretch: inherit; line-height: inherit; font-family: Tahoma, sans-serif; vertical-align: inherit; color: rgb(0, 0, 0); text-align: justify;">\r\n	&nbsp;</p>\r\n<p style="margin: 0px; padding: 0px; font-variant-numeric: inherit; font-stretch: inherit; line-height: inherit; font-family: Tahoma, sans-serif; vertical-align: inherit; color: rgb(0, 0, 0); text-align: center;">\r\n	<img alt="" height="249" src="https://www.phucanh.vn/media/news/0805_Dell5480_3.jpg" style="margin: 0px auto; padding: 0px; font-style: inherit; font-variant: inherit; font-weight: inherit; font-stretch: inherit; font-size: inherit; line-height: inherit; font-family: inherit; vertical-align: inherit; border: 0px; outline: 0px; display: block;" width="395" /><em style="margin: 0px; padding: 0px; font-variant: inherit; font-weight: inherit; font-stretch: inherit; font-size: inherit; line-height: inherit; font-family: inherit; vertical-align: inherit;">Âm thanh sống động, mượt mà nhờ kết hợp 2 bộ loa siêu trầm</em></p>\r\n<p style="margin: 0px; padding: 0px; font-variant-numeric: inherit; font-stretch: inherit; line-height: inherit; font-family: Tahoma, sans-serif; vertical-align: inherit; color: rgb(0, 0, 0); text-align: justify;">\r\n	<br />\r\n	Sản phẩm này cũng được Dell cho ra mắt nhiều mức cấu hình phù hợp từng nhu cầu sử dụng với&nbsp;<strong style="margin: 0px; padding: 0px; font-style: inherit; font-variant: inherit; font-stretch: inherit; font-size: inherit; line-height: inherit; font-family: inherit; vertical-align: inherit;">RAM 4Gb với vi xử lý Intel Core i3 4005U</strong>&nbsp;tới i7 Broadwell giúp tiết kiệm điện năng, tăng thời gian sử dụng cũng như khả năng xử lý đồ họa,&nbsp;<strong style="margin: 0px; padding: 0px; font-style: inherit; font-variant: inherit; font-stretch: inherit; font-size: inherit; line-height: inherit; font-family: inherit; vertical-align: inherit;">hỗ trợ video 4K</strong>.</p>\r\n<p style="margin: 0px; padding: 0px; font-variant-numeric: inherit; font-stretch: inherit; line-height: inherit; font-family: Tahoma, sans-serif; vertical-align: inherit; color: rgb(0, 0, 0); text-align: justify;">\r\n	&nbsp;</p>\r\n<p style="margin: 0px; padding: 0px; font-variant-numeric: inherit; font-stretch: inherit; line-height: inherit; font-family: Tahoma, sans-serif; vertical-align: inherit; color: rgb(0, 0, 0);">\r\n	<img alt="" height="350" src="https://www.phucanh.vn/media/news/0805_Dell5480_4.jpg" style="margin: 0px auto; padding: 0px; font-style: inherit; font-variant: inherit; font-weight: inherit; font-stretch: inherit; font-size: inherit; line-height: inherit; font-family: inherit; vertical-align: inherit; border: 0px; outline: 0px; display: block;" width="373" /></p>\r\n<p style="margin: 0px; padding: 0px; font-variant-numeric: inherit; font-stretch: inherit; line-height: inherit; font-family: Tahoma, sans-serif; vertical-align: inherit; color: rgb(0, 0, 0); text-align: center;">\r\n	<em style="margin: 0px; padding: 0px; font-variant: inherit; font-weight: inherit; font-stretch: inherit; font-size: inherit; line-height: inherit; font-family: inherit; vertical-align: inherit;">&nbsp;Dell Vostro 5480 sở hữu cấu hình cao và giá cả phải chăng</em></p>\r\n', '12 tháng', 'Ba lô + usb 64GB', 10, 12000000, '<ul class="detail-main-specification" style="box-sizing: border-box; margin: 0px; padding: 0px; list-style: none; color: rgb(51, 51, 51); font-family: Arial, sans-serif; font-size: 14px;">\r\n	<li style="box-sizing: border-box; padding: 15px 0px; border-bottom: 1px solid rgb(235, 235, 235);">\r\n		<label style="box-sizing: border-box; display: table-cell; max-width: 100%; margin: 0px; padding: 0px 5px 0px 20px; width: 180px; vertical-align: middle;">Bộ vi xử lý :</label><span style="box-sizing: border-box; display: table-cell; line-height: 18px; vertical-align: middle; word-break: break-all;">Intel® Core™ i5-6200U Processor (3M Cache, up to 2.80 GHz)</span></li>\r\n	<li style="box-sizing: border-box; padding: 15px 0px; border-bottom: 1px solid rgb(235, 235, 235);">\r\n		<label style="box-sizing: border-box; display: table-cell; max-width: 100%; margin: 0px; padding: 0px 5px 0px 20px; width: 180px; vertical-align: middle;">Bộ nhớ RAM :</label><span style="box-sizing: border-box; display: table-cell; line-height: 18px; vertical-align: middle; word-break: break-all;">4 GB (DDR3 Bus 1600 MHz)</span></li>\r\n	<li style="box-sizing: border-box; padding: 15px 0px; border-bottom: 1px solid rgb(235, 235, 235);">\r\n		<label style="box-sizing: border-box; display: table-cell; max-width: 100%; margin: 0px; padding: 0px 5px 0px 20px; width: 180px; vertical-align: middle;">Đồ họa :</label><span style="box-sizing: border-box; display: table-cell; line-height: 18px; vertical-align: middle; word-break: break-all;">NVIDIA Geforce 930M (2G)</span></li>\r\n	<li style="box-sizing: border-box; padding: 15px 0px; border-bottom: 1px solid rgb(235, 235, 235);">\r\n		<label style="box-sizing: border-box; display: table-cell; max-width: 100%; margin: 0px; padding: 0px 5px 0px 20px; width: 180px; vertical-align: middle;">Ổ đĩa cứng :</label><span style="box-sizing: border-box; display: table-cell; line-height: 18px; vertical-align: middle; word-break: break-all;">500 GB(HDD 5400rpm)</span></li>\r\n	<li style="box-sizing: border-box; padding: 15px 0px; border-bottom: 1px solid rgb(235, 235, 235);">\r\n		<label style="box-sizing: border-box; display: table-cell; max-width: 100%; margin: 0px; padding: 0px 5px 0px 20px; width: 180px; vertical-align: middle;">Màn hình :</label><span style="box-sizing: border-box; display: table-cell; line-height: 18px; vertical-align: middle; word-break: break-all;">14 inch (HD LED, 1366 x 768 pixels)</span></li>\r\n	<li style="box-sizing: border-box; padding: 15px 0px; border-bottom: 1px solid rgb(235, 235, 235);">\r\n		<label style="box-sizing: border-box; display: table-cell; max-width: 100%; margin: 0px; padding: 0px 5px 0px 20px; width: 180px; vertical-align: middle;">Hệ điều hành :</label><span style="box-sizing: border-box; display: table-cell; line-height: 18px; vertical-align: middle; word-break: break-all;">Free DOS</span></li>\r\n	<li style="box-sizing: border-box; padding: 15px 0px; border-bottom: 1px solid rgb(235, 235, 235);">\r\n		<label style="box-sizing: border-box; display: table-cell; max-width: 100%; margin: 0px; padding: 0px 5px 0px 20px; width: 180px; vertical-align: middle;">Kết nối :</label><span style="box-sizing: border-box; display: table-cell; line-height: 18px; vertical-align: middle; word-break: break-all;">LAN, Wi-Fi, USB 2.0, USB 3.0, HDMI</span></li>\r\n	<li style="box-sizing: border-box; padding: 15px 0px; border-bottom: 0px;">\r\n		<label style="box-sizing: border-box; display: table-cell; max-width: 100%; margin: 0px; padding: 0px 5px 0px 20px; width: 180px; vertical-align: middle;">Pin :</label><span style="box-sizing: border-box; display: table-cell; line-height: 18px; vertical-align: middle; word-break: break-all;">3 Cel</span></li>\r\n</ul>\r\n');
INSERT INTO `product` (`IdProduct`, `NameProduct`, `ImageProduct`, `IdMenuCon`, `Price`, `Visible`, `SPHot`, `SPKM`, `InfoProduct`, `baohanh`, `khuyenmai`, `soluong_pro`, `pricethitruong`, `thongso`) VALUES
(4, 'Samsung Galaxy Tab E', 'Samsung Galaxy Tab E.jpeg', '5', 5990000, 'True', 'True', 'True', '<h4 style="box-sizing: border-box; font-family: Arial, Helvetica, sans-serif; font-weight: 400; line-height: 26px; color: rgb(31, 31, 29); margin-top: 10px; margin-bottom: 10px; font-size: 20px;">\r\n	Đặc điểm nổi bật</h4>\r\n<div id="owl-feature" style="box-sizing: border-box; color: rgb(51, 51, 51); font-family: Arial, Helvetica, sans-serif; padding-bottom: 20px; text-align: justify;">\r\n	<p style="box-sizing: border-box; margin: 0px 0px 10px;">\r\n		<span style="box-sizing: border-box; font-family: Arial; font-size: 14px;"><span style="box-sizing: border-box; font-weight: 700;">Samsung Galaxy Tab E T561: Mạnh mẽ và đầy cá tính với màn hình lớn</span></span></p>\r\n	<p style="box-sizing: border-box; margin: 0px 0px 10px;">\r\n		<br style="box-sizing: border-box;" />\r\n		<span style="box-sizing: border-box; font-family: Arial; font-size: 14px;"><span style="box-sizing: border-box; font-weight: 700;">Samsung Galaxy Tab E T561</span>&nbsp;là sản phẩm đang thu hút rất nhiều người yêu công nghệ. Sản phẩm đáp ứng được nhu cầu cần một chiếc tablet màn hình lớn, cấu hình mạnh, nhiều tính năng thú vụ và mức giá phải chăng..&nbsp;</span></p>\r\n	<p style="box-sizing: border-box; margin: 0px 0px 10px; text-align: center;">\r\n		<span style="box-sizing: border-box; font-family: Arial; font-size: 14px;"><img alt="" data-original="http://cdn.viettelstore.vn/Images/Product/ProductImage/may-tinh-bang/Samsung/Samsung%20Galaxy%20Tab%20E/Samsung-Galaxy-Tab-E-1%20.jpg" src="http://cdn.viettelstore.vn/Images/Product/ProductImage/may-tinh-bang/Samsung/Samsung%20Galaxy%20Tab%20E/Samsung-Galaxy-Tab-E-1%20.jpg" style="box-sizing: border-box; border: 0px; vertical-align: middle; width: 480px; height: 266px; display: inline;" /></span></p>\r\n	<p style="box-sizing: border-box; margin: 0px 0px 10px; text-align: center;">\r\n		<span style="box-sizing: border-box; font-family: Arial; font-size: 14px;"><em style="box-sizing: border-box;">Samsung Galaxy Tab E T561 sử dụng công nghệ màn hình SuperAmoled đem lại hình ảnh hiển thị rực rỡ</em></span></p>\r\n	<p style="box-sizing: border-box; margin: 0px 0px 10px;">\r\n		<br style="box-sizing: border-box;" />\r\n		<span style="box-sizing: border-box; font-family: Arial; font-size: 14px;"><span style="box-sizing: border-box; font-weight: 700;">Thiết kế tinh tế thấu hiểu thói quen người sử dụng</span></span></p>\r\n	<p style="box-sizing: border-box; margin: 0px 0px 10px;">\r\n		<span style="box-sizing: border-box; font-family: Arial; font-size: 14px;">Sản phẩm sở hữu phong cách cổ điển thường thấy của Samsung với chất liệu nhựa khắc vân dạng nổi ở phía sau, cùng nút HOME vật lý đặc trưng phía trước.&nbsp;<a href="https://viettelstore.vn/may-tinh-bang/samsung-galaxy-tab-e-t561-pid81842.html" style="box-sizing: border-box; background-color: transparent; color: rgb(51, 51, 51); text-decoration: none; font-family: Arial, Helvetica, sans-serif;"><span style="box-sizing: border-box; color: rgb(0, 176, 240); text-decoration: underline;"><span style="box-sizing: border-box; font-weight: 700;">Galaxy Tab E</span></span></a>&nbsp;sở hữu trọng lượng 495g cùng độ mỏng thân là 8.5 mm, dĩ nhiên với màn hình lớn 9.6 inch người dùng sẽ phải dùng hai tay..</span></p>\r\n	<p style="box-sizing: border-box; margin: 0px 0px 10px; text-align: center;">\r\n		<span style="box-sizing: border-box; font-family: Arial; font-size: 14px;"><img alt="" data-original="http://cdn.viettelstore.vn/Images/Product/ProductImage/may-tinh-bang/Samsung/Samsung%20Galaxy%20Tab%20E/Samsung-Galaxy-Tab-E-2.jpg" src="http://cdn.viettelstore.vn/Images/Product/ProductImage/may-tinh-bang/Samsung/Samsung%20Galaxy%20Tab%20E/Samsung-Galaxy-Tab-E-2.jpg" style="box-sizing: border-box; border: 0px; vertical-align: middle; width: 442px; height: 275px; display: inline;" /></span></p>\r\n	<p style="box-sizing: border-box; margin: 0px 0px 10px; text-align: center;">\r\n		<span style="box-sizing: border-box; font-family: Arial; font-size: 14px;"><em style="box-sizing: border-box;">Thiết kế tinh tế mang đậm “chất Samsung” là điểm dễ dàng nhận thấy trên Galaxy Tab E T561</em></span></p>\r\n	<p style="box-sizing: border-box; margin: 0px 0px 10px;">\r\n		<span style="box-sizing: border-box; font-family: Arial; font-size: 14px;">Các hình ảnh được thể hiện khá tốt với độ sắc nét, chi tiết, màu sắc thể hiện khá rực rỡ, tươi sáng. Việc xem phim hay chơi game trên Galaxy Tab E thật thú vị với tỷ lệ màn hình 16:10 giúp hình ảnh được hiển thị cân đối và rộng hơn một sản phẩm khác.</span></p>\r\n	<p style="box-sizing: border-box; margin: 0px 0px 10px;">\r\n		<br style="box-sizing: border-box;" />\r\n		<span style="box-sizing: border-box; font-family: Arial; font-size: 14px;"><span style="box-sizing: border-box; font-weight: 700;">Công nghệ màn hình đỉnh cao</span></span></p>\r\n	<p style="box-sizing: border-box; margin: 0px 0px 10px;">\r\n		<span style="box-sizing: border-box; font-family: Arial; font-size: 14px;">Tablet Samsung Galaxy Tab E 9.6 được hãng Samsung trang bị màn hình công nghệ WXGA TFT với kích thước lên đến 9.6 inches. Hơn nữa, màn hình kích thước lớn 9.6 inches giúp tăng cường không gian hiển thị, mang đến cho người dùng những trải nghiệm thú vị nhất khi lướt web, đọc báo, thưởng thức những bộ phim HD hay chơi game.</span></p>\r\n	<p style="box-sizing: border-box; margin: 0px 0px 10px; text-align: center;">\r\n		<span style="box-sizing: border-box; font-family: Arial; font-size: 14px;"><img alt="" data-original="http://cdn.viettelstore.vn/Images/Product/ProductImage/may-tinh-bang/Samsung/Samsung%20Galaxy%20Tab%20E/Samsung-Galaxy-Tab-E-3.jpg" src="http://cdn.viettelstore.vn/Images/Product/ProductImage/may-tinh-bang/Samsung/Samsung%20Galaxy%20Tab%20E/Samsung-Galaxy-Tab-E-3.jpg" style="box-sizing: border-box; border: 0px; vertical-align: middle; width: 480px; height: 266px; display: inline;" /></span></p>\r\n	<p style="box-sizing: border-box; margin: 0px 0px 10px; text-align: center;">\r\n		<span style="box-sizing: border-box; font-family: Arial; font-size: 14px;"><em style="box-sizing: border-box;">Samsung Galaxy Tab E T561 toát lên vẻ sang trọng trong thiết kế cũng như dáng vẻ bề ngoài</em></span></p>\r\n	<p style="box-sizing: border-box; margin: 0px 0px 10px; text-align: center;">\r\n		<span style="box-sizing: border-box; font-family: Arial; font-size: 14px;"><img alt="" data-original="http://cdn.viettelstore.vn/Images/Product/ProductImage/may-tinh-bang/Samsung/Samsung%20Galaxy%20Tab%20E/Samsung-Galaxy-Tab-E-4.jpg" src="http://cdn.viettelstore.vn/Images/Product/ProductImage/may-tinh-bang/Samsung/Samsung%20Galaxy%20Tab%20E/Samsung-Galaxy-Tab-E-4.jpg" style="box-sizing: border-box; border: 0px; vertical-align: middle; width: 480px; height: 300px; display: inline;" /></span></p>\r\n	<p style="box-sizing: border-box; margin: 0px 0px 10px; text-align: center;">\r\n		<span style="box-sizing: border-box; font-family: Arial; font-size: 14px;"><em style="box-sizing: border-box;">Giao diện sử dụng thân thiện, phù hợp với thói quen của người sử dụng</em></span></p>\r\n	<p style="box-sizing: border-box; margin: 0px 0px 10px;">\r\n		<span style="box-sizing: border-box; font-family: Arial; font-size: 14px;">Ngoài ra, công nghệ màn hình Super AMOLED “đặc sản” của Samsung mang đến cho Galaxy Tab E chất lượng hiển thị tốt, độ tương phản cao, mọi thứ đều hiển thị một cách rõ ràng và sống động. Các hình ảnh được thể hiện khá tốt với độ sắc nét, chi tiết, màu sắc thể hiện khá rực rỡ, tươi sáng.&nbsp;</span></p>\r\n	<p style="box-sizing: border-box; margin: 0px 0px 10px;">\r\n		&nbsp;</p>\r\n	<p style="box-sizing: border-box; margin: 0px 0px 10px;">\r\n		<span style="box-sizing: border-box; font-family: Arial; font-size: 14px;"><span style="box-sizing: border-box; font-weight: 700;">Cấu hình mạnh mẽ sử dụng chip Exynos</span></span></p>\r\n	<p style="box-sizing: border-box; margin: 0px 0px 10px;">\r\n		<span style="box-sizing: border-box; font-family: Arial; font-size: 14px;">Samsung dành cho Galaxy Tab E vi xử lý 4 nhân Exynos 1.3 GHz, hỗ trợ RAM 1.5GB, cùng bộ nhớ trong dung lượng 8 GB. Máy sử dụng giao diện rất quen thuộc, TouchWiz. Tính năng chạy đa nhiệm, chia đôi màn hình với hai ứng dụng chạy song song cũng được sử dụng dễ dàng.</span></p>\r\n	<p style="box-sizing: border-box; margin: 0px 0px 10px; text-align: center;">\r\n		<span style="box-sizing: border-box; font-family: Arial; font-size: 14px;"><img alt="" data-original="http://cdn.viettelstore.vn/Images/Product/ProductImage/may-tinh-bang/Samsung/Samsung%20Galaxy%20Tab%20E/Samsung-Galaxy-Tab-E-5.jpg" src="http://cdn.viettelstore.vn/Images/Product/ProductImage/may-tinh-bang/Samsung/Samsung%20Galaxy%20Tab%20E/Samsung-Galaxy-Tab-E-5.jpg" style="box-sizing: border-box; border: 0px; vertical-align: middle; width: 480px; height: 365px; display: inline;" /></span></p>\r\n	<p style="box-sizing: border-box; margin: 0px 0px 10px; text-align: center;">\r\n		<span style="box-sizing: border-box; font-family: Arial; font-size: 14px;"><em style="box-sizing: border-box;">Với độ phân giải cao cùng cấu hình ở mức khá, Galaxy Tab E T561 có thể giúp bạn trải nghiệm hầu hết game cùng ứng dụng mới nhất hiện nay mà không gặp phải hiện tượng giật, lag</em></span></p>\r\n	<p style="box-sizing: border-box; margin: 0px 0px 10px;">\r\n		<span style="box-sizing: border-box; font-family: Arial; font-size: 14px;">Hơn nữa, ngoài bộ nhớ trong 8 GB, máy còn hỗ trợ khe cắm thẻ nhớ ngoài microSD dung lượng lên đến 128 GB giúp bạn yên tân lưu trữ bài hát, ảnh, games,… một cách thoải mái.</span></p>\r\n	<p style="box-sizing: border-box; margin: 0px 0px 10px;">\r\n		<br style="box-sizing: border-box;" />\r\n		<span style="box-sizing: border-box; font-family: Arial; font-size: 14px;"><span style="box-sizing: border-box; font-weight: 700;">Cặp đôi Camera phù hợp dành cho máy tính bảng&nbsp;</span></span></p>\r\n	<p style="box-sizing: border-box; margin: 0px 0px 10px;">\r\n		<span style="box-sizing: border-box; font-family: Arial; font-size: 14px;">Samsung Galaxy Tab E 9.6 được trang bị camera chính độ phân giải lên đến 5MP (2592 x 1944 pixels), có khả năng chụp ảnh không thua gì các tablet cao cấp hàng đầu hiện nay. Camera trước cũng được nâng cấp lên 2.0MP (1600 x 1200 pixels) để bạn có thể gọi video hay chụp ảnh chân dung. Cả hai camera đều có khả năng quay video Full HD sắc nét đầy ấn tượng...&nbsp;</span></p>\r\n	<p style="box-sizing: border-box; margin: 0px 0px 10px; text-align: center;">\r\n		<span style="box-sizing: border-box; font-family: Arial; font-size: 14px;"><img alt="" data-original="http://cdn.viettelstore.vn/Images/Product/ProductImage/may-tinh-bang/Samsung/Samsung%20Galaxy%20Tab%20E/Samsung-Galaxy-Tab-E-6.jpg" src="http://cdn.viettelstore.vn/Images/Product/ProductImage/may-tinh-bang/Samsung/Samsung%20Galaxy%20Tab%20E/Samsung-Galaxy-Tab-E-6.jpg" style="box-sizing: border-box; border: 0px; vertical-align: middle; width: 480px; height: 320px; display: inline;" /></span></p>\r\n	<p style="box-sizing: border-box; margin: 0px 0px 10px; text-align: center;">\r\n		<span style="box-sizing: border-box; font-family: Arial; font-size: 14px;"><em style="box-sizing: border-box;">Camera sau 5Mp được cho là phù hợp đối với một chiếc máy tính bảng giá “tốt” như Galaxy Tab E T561</em></span></p>\r\n	<p style="box-sizing: border-box; margin: 0px 0px 10px;">\r\n		<span style="box-sizing: border-box; font-family: Arial; font-size: 14px;">Việc chụp ảnh trên Galaxy Tab E khá đơn giản, chỉ cần đưa máy lên chụp thiết bị sẽ tự động lấy nét và lưu trong giây lát. Trong khi chụp nếu muốn chụp liên tiếp chỉ cần ấn và giữ nút chụp bạn sẽ có nhiều khoảnh khắc hơn trong một khung cảnh.</span></p>\r\n	<p style="box-sizing: border-box; margin: 0px 0px 10px;">\r\n		<br style="box-sizing: border-box;" />\r\n		<span style="box-sizing: border-box; font-family: Arial; font-size: 14px;"><span style="box-sizing: border-box; font-weight: 700;">Dung lượng pin lên tới 5000mAh</span></span></p>\r\n	<p style="box-sizing: border-box; margin: 0px 0px 10px; text-align: center;">\r\n		<span style="box-sizing: border-box; font-family: Arial; font-size: 14px;"><img alt="" data-original="http://cdn.viettelstore.vn/Images/Product/ProductImage/may-tinh-bang/Samsung/Samsung%20Galaxy%20Tab%20E/Samsung-Galaxy-Tab-E-7.jpg" src="http://cdn.viettelstore.vn/Images/Product/ProductImage/may-tinh-bang/Samsung/Samsung%20Galaxy%20Tab%20E/Samsung-Galaxy-Tab-E-7.jpg" style="box-sizing: border-box; border: 0px; vertical-align: middle; width: 480px; height: 444px; display: inline;" /></span></p>\r\n	<p style="box-sizing: border-box; margin: 0px 0px 10px; text-align: center;">\r\n		<span style="box-sizing: border-box; font-family: Arial; font-size: 14px;"><em style="box-sizing: border-box;">Dung lượng pin lên tới 5000 mAH là điểm không thể không nhắc tới của Galaxy Tab E T561</em></span></p>\r\n	<p style="box-sizing: border-box; margin: 0px 0px 10px;">\r\n		<span style="box-sizing: border-box; font-family: Arial; font-size: 14px;"><span style="box-sizing: border-box; font-weight: 700;">Samsung Galaxy Tab E</span>&nbsp;T561 chạy hệ điều hành Android 4.4 và trang bị viên pin có dung lượng lên đến 5.000mAh. Chính vì thế, với dung lượng pin cực khủng, người dùng có thể hoàn toàn yên tâm khi trải nghiệm máy suốt cả ngày mà không phải lo ngại về vấn đề hết pin giữa chừng hay bất tiện khi phải mang theo các thiết bị sạc..</span></p>\r\n</div>\r\n', '12 tháng', 'Ba lô', 20, 7000000, '<ul class="detail-main-specification" style="box-sizing: border-box; margin: 0px; padding: 0px; list-style: none; color: rgb(51, 51, 51); font-family: Arial, sans-serif; font-size: 14px;">\r\n	<li style="box-sizing: border-box; padding: 15px 0px; border-bottom: 1px solid rgb(235, 235, 235);">\r\n		<label style="box-sizing: border-box; display: table-cell; max-width: 100%; margin: 0px; padding: 0px 5px 0px 20px; width: 180px; vertical-align: middle;">Màn hình :</label><span style="box-sizing: border-box; display: table-cell; line-height: 18px; vertical-align: middle; word-break: break-all;">9.6 inch, 1280 x 800 pixels</span></li>\r\n	<li style="box-sizing: border-box; padding: 15px 0px; border-bottom: 1px solid rgb(235, 235, 235);">\r\n		<label style="box-sizing: border-box; display: table-cell; max-width: 100%; margin: 0px; padding: 0px 5px 0px 20px; width: 180px; vertical-align: middle;">Vi xử lý CPU :</label><span style="box-sizing: border-box; display: table-cell; line-height: 18px; vertical-align: middle; word-break: break-all;">Quad-core 1.3 GHz</span></li>\r\n	<li style="box-sizing: border-box; padding: 15px 0px; border-bottom: 1px solid rgb(235, 235, 235);">\r\n		<label style="box-sizing: border-box; display: table-cell; max-width: 100%; margin: 0px; padding: 0px 5px 0px 20px; width: 180px; vertical-align: middle;">RAM :</label><span style="box-sizing: border-box; display: table-cell; line-height: 18px; vertical-align: middle; word-break: break-all;">1.5 GB</span></li>\r\n	<li style="box-sizing: border-box; padding: 15px 0px; border-bottom: 1px solid rgb(235, 235, 235);">\r\n		<label style="box-sizing: border-box; display: table-cell; max-width: 100%; margin: 0px; padding: 0px 5px 0px 20px; width: 180px; vertical-align: middle;">Bộ nhớ trong :</label><span style="box-sizing: border-box; display: table-cell; line-height: 18px; vertical-align: middle; word-break: break-all;">8 GB</span></li>\r\n	<li style="box-sizing: border-box; padding: 15px 0px; border-bottom: 1px solid rgb(235, 235, 235);">\r\n		<label style="box-sizing: border-box; display: table-cell; max-width: 100%; margin: 0px; padding: 0px 5px 0px 20px; width: 180px; vertical-align: middle;">Camera :</label><span style="box-sizing: border-box; display: table-cell; line-height: 18px; vertical-align: middle; word-break: break-all;">Chính: 5.0 MP; Phụ: 2.0 MP</span></li>\r\n	<li style="box-sizing: border-box; padding: 15px 0px; border-bottom: 1px solid rgb(235, 235, 235);">\r\n		<label style="box-sizing: border-box; display: table-cell; max-width: 100%; margin: 0px; padding: 0px 5px 0px 20px; width: 180px; vertical-align: middle;">Kết nối :</label><span style="box-sizing: border-box; display: table-cell; line-height: 18px; vertical-align: middle; word-break: break-all;">2G, 3G, Wi-Fi, Bluetooth</span></li>\r\n	<li style="box-sizing: border-box; padding: 15px 0px; border-bottom: 1px solid rgb(235, 235, 235);">\r\n		<label style="box-sizing: border-box; display: table-cell; max-width: 100%; margin: 0px; padding: 0px 5px 0px 20px; width: 180px; vertical-align: middle;">Kích thước :</label><span style="box-sizing: border-box; display: table-cell; line-height: 18px; vertical-align: middle; word-break: break-all;">241.9 x 149.5 x 8.5 mm</span></li>\r\n	<li style="box-sizing: border-box; padding: 15px 0px; border-bottom: 0px;">\r\n		<label style="box-sizing: border-box; display: table-cell; max-width: 100%; margin: 0px; padding: 0px 5px 0px 20px; width: 180px; vertical-align: middle;">Hệ điều hành :</label><span style="box-sizing: border-box; display: table-cell; line-height: 18px; vertical-align: middle; word-break: break-all;">Android OS, v5.1 (Lollipop)</span></li>\r\n</ul>\r\n'),
(5, 'iPhone 6S 16GB', 'iPhone 6S 16GB.jpeg', '4', 12990000, 'True', 'True', 'True', '<h4 style="box-sizing: border-box; font-family: Arial, Helvetica, sans-serif; font-weight: 400; line-height: 26px; color: rgb(31, 31, 29); margin-top: 10px; margin-bottom: 10px; font-size: 20px;">\r\n	Đặc điểm nổi bật</h4>\r\n<div id="owl-feature" style="box-sizing: border-box; color: rgb(51, 51, 51); font-family: Arial, Helvetica, sans-serif; padding-bottom: 20px; text-align: justify; font-size: 14px;">\r\n	<p style="box-sizing: border-box; margin: 0px 0px 10px;">\r\n		<span style="box-sizing: border-box; font-family: Arial;"><span style="box-sizing: border-box; font-weight: 700;">Apple iPhone 6s: Tinh tế trong từng đường nét</span></span></p>\r\n	<p style="box-sizing: border-box; margin: 0px 0px 10px;">\r\n		<span style="box-sizing: border-box; font-family: Arial;"><span style="box-sizing: border-box; font-weight: 700;">iPhone 6s</span>&nbsp;<span style="box-sizing: border-box; line-height: 20px;">là siêu phẩm của Apple được nâng cấp đặc biệt từ “người tiền nhiệm” iPhone 6&nbsp;</span>và lược bỏ toàn bộ những điểm yếu mà tất cả iPhone đời trước mắc phải. Không chỉ mạnh mẽ về cấu hình, đa dạng về màu sắc, iPhone 6s với công nghệ cảm ứng lực thông minh còn tạo nên một xu hướng tìm kiếm bùng nổ mạnh mẽ trên internet trong suốt thời gian qua.</span></p>\r\n	<p style="box-sizing: border-box; margin: 0px 0px 10px; text-align: center;">\r\n		<span style="box-sizing: border-box; font-family: Arial;"><img alt="" data-original="http://cdn.viettelstore.vn/Images/Product/ProductImage/dien-thoai/Apple/iPhone%206s/iPhone-6s-01.jpg" src="http://cdn.viettelstore.vn/Images/Product/ProductImage/dien-thoai/Apple/iPhone%206s/iPhone-6s-01.jpg" style="box-sizing: border-box; border: 0px; vertical-align: middle; display: inline;" /></span></p>\r\n	<p style="box-sizing: border-box; margin: 0px 0px 10px;">\r\n		<span style="box-sizing: border-box; font-family: Arial;"><span style="box-sizing: border-box; font-weight: 700;">Thiết kế tinh tế với chất liệu nhôm siêu bền</span></span></p>\r\n	<p style="box-sizing: border-box; margin: 0px 0px 10px;">\r\n		<span style="box-sizing: border-box; font-family: Arial;">Về mặt thiết kế, iPhone 6s/6s Plus sử dụng lớp vỏ hợp kim nhôm 7000, chất liệu đang được sử dụng trong ngành công nghiệp hàng không vũ trụ, cho độ bền và cứng cáp hơn so với các đời iPhone trước.&nbsp;</span></p>\r\n	<p style="box-sizing: border-box; margin: 0px 0px 10px; text-align: center;">\r\n		<span style="box-sizing: border-box; font-family: Arial;"><img alt="" data-original="http://cdn.viettelstore.vn/Images/Product/ProductImage/dien-thoai/Apple/iPhone%206s/iPhone-6s-02.jpg" src="http://cdn.viettelstore.vn/Images/Product/ProductImage/dien-thoai/Apple/iPhone%206s/iPhone-6s-02.jpg" style="box-sizing: border-box; border: 0px; vertical-align: middle; display: inline;" /></span></p>\r\n	<p style="box-sizing: border-box; margin: 0px 0px 10px; text-align: center;">\r\n		<span style="box-sizing: border-box; font-family: Arial;"><em style="box-sizing: border-box;">Chất liệu nhôm siêu bền 7000-series giúp iPhone 6s trở nên cứng cáp và mạnh mẽ hơn rất nhiều</em></span></p>\r\n	<p style="box-sizing: border-box; margin: 0px 0px 10px;">\r\n		<span style="box-sizing: border-box; font-family: Arial;">Ngoài ra với sự đa dạng về màu sắc cũng chính là điểm nhấn tạo nên những thành công về thiết kế của iPhone 6s so với bất kỳ chiếc iPhone nào khác. Có lẽ Apple cũng không thể tin được rằng, iPhone 6s phiên bản vàng hồng lại “hot” và “hút” khách đến vậy...</span></p>\r\n	<p style="box-sizing: border-box; margin: 0px 0px 10px;">\r\n		<br style="box-sizing: border-box;" />\r\n		<span style="box-sizing: border-box; font-family: Arial;"><span style="box-sizing: border-box; font-weight: 700;">Tính năng 3D Touch tiện dụng hơn bao giờ hết</span></span></p>\r\n	<p style="box-sizing: border-box; margin: 0px 0px 10px;">\r\n		<span style="box-sizing: border-box; font-family: Arial;">Là chiếc điện thoại đầu tiên được trang bị màn hình cảm ứng 3D theo lực chạm (chạm mạnh hoặc chạm nhẹ) giúp bạn có những trải nghiệm khác biệt và làm được mọi thứ trên iPhone 6s. Ngoài ra, cảm biến vân tay thế hệ thứ 2 giúp iPhone 6s nhanh hơn, nhạy hơn so với thế hệ cũ, tốc độ xử lý dưới 0.5s.</span></p>\r\n	<p style="box-sizing: border-box; margin: 0px 0px 10px; text-align: center;">\r\n		<span style="box-sizing: border-box; font-family: Arial;"><img alt="" data-original="http://cdn.viettelstore.vn/Images/Product/ProductImage/dien-thoai/Apple/iPhone%206s/iPhone-6s-03.jpg" src="http://cdn.viettelstore.vn/Images/Product/ProductImage/dien-thoai/Apple/iPhone%206s/iPhone-6s-03.jpg" style="box-sizing: border-box; border: 0px; vertical-align: middle; display: inline;" /></span></p>\r\n	<p style="box-sizing: border-box; margin: 0px 0px 10px; text-align: center;">\r\n		<span style="box-sizing: border-box; font-family: Arial;"><em style="box-sizing: border-box;">3D Touch của Apple đã tạo nên một khái niệm đổi khác về công nghệ cảm ứng trên màn hình điện thoại</em></span></p>\r\n	<p style="box-sizing: border-box; margin: 0px 0px 10px;">\r\n		<span style="box-sizing: border-box; font-family: Arial;">Với các ứng dụng có hỗ trợ công nghệ 3D Touch, thao tác nhấn mạnh cho phép chúng ta tùy chọn các lối tắt tính năng ngay từ màn hình chính, thay vì phải truy cập trực tiếp vào ứng dụng đó. Đơn cử như việc tạo ra một liên hệ mới, chúng ta chỉ cần nhấn mạnh ngón tay vào biểu tượng gọi điện để thực hiện thao tác này, thay vì nhấn thẳng vào ứng dụng gọi điện, chọn danh bạ và thêm liên hệ như thông thường.&nbsp;</span></p>\r\n	<p style="box-sizing: border-box; margin: 0px 0px 10px;">\r\n		&nbsp;</p>\r\n	<div style="box-sizing: border-box; text-align: center;">\r\n		<img alt="" data-original="http://cdn.viettelstore.vn/Images/Product/ProductImage/dien-thoai/Apple/iPhone%206s/iPhone-6s-04.jpg" src="http://cdn.viettelstore.vn/Images/Product/ProductImage/dien-thoai/Apple/iPhone%206s/iPhone-6s-04.jpg" style="box-sizing: border-box; border: 0px; vertical-align: middle; display: inline;" /></div>\r\n	<p style="box-sizing: border-box; margin: 0px 0px 10px;">\r\n		&nbsp;</p>\r\n	<p style="box-sizing: border-box; margin: 0px 0px 10px; text-align: center;">\r\n		<em style="box-sizing: border-box;"><span style="box-sizing: border-box; font-family: Arial;">Kho ứng dụng phong phú hỗ trợ 3D Touch khiến iPhone 6s hấp dẫn hơn bao giờ hết</span></em></p>\r\n	<p style="box-sizing: border-box; margin: 0px 0px 10px;">\r\n		<span style="box-sizing: border-box; font-family: Arial;">Thời điểm hiện tại, Apple đã cung cấp rất nhiều ứng dụng hỗ trợ công nghệ 3D Touch dành cho iPhone 6s giúp bạn khai thác và trải nghiệm “siêu phẩm 2015” một cách hoàn hảo.</span></p>\r\n	<p style="box-sizing: border-box; margin: 0px 0px 10px;">\r\n		<br style="box-sizing: border-box;" />\r\n		<span style="box-sizing: border-box; font-family: Arial;"><span style="box-sizing: border-box; font-weight: 700;">Cấu hình mạnh mẽ nâng cao trải nghiệm với iOS 9</span></span></p>\r\n	<p style="box-sizing: border-box; margin: 0px 0px 10px;">\r\n		<span style="box-sizing: border-box; font-family: Arial;">Đã trở thành bản sắc của Apple, “ông trùm quả táo” không chia sẻ quá nhiều về cấu hình cũng như dung lượng Ram, nhưng Apple cho biết trên iPhone 6s được trang bị Chip A9-64 bit. Bộ vi xử lý A9 mới với hiệu năng mạnh mẽ, nhanh hơn 70% và xử lý đồ hoạ tốt hơn 90% so với phiên bản iPhone 6. Ngoài ra cả iPhone 6s và iPhone 6s Plus đều hỗ trợ các kết nối LTE và Wifi với tố độ cao gấp đôi so với iPhone 6.</span></p>\r\n	<p style="box-sizing: border-box; margin: 0px 0px 10px;">\r\n		&nbsp;</p>\r\n	<p style="box-sizing: border-box; margin: 0px 0px 10px;">\r\n		&nbsp;</p>\r\n	<div style="box-sizing: border-box; text-align: center;">\r\n		<span style="box-sizing: border-box; font-family: Arial;"><img alt="" data-original="http://cdn.viettelstore.vn/Images/Product/ProductImage/dien-thoai/Apple/iPhone%206s/iPhone-6s-05.jpg" src="http://cdn.viettelstore.vn/Images/Product/ProductImage/dien-thoai/Apple/iPhone%206s/iPhone-6s-05.jpg" style="box-sizing: border-box; border: 0px; vertical-align: middle; display: inline;" /></span></div>\r\n	<p style="box-sizing: border-box; margin: 0px 0px 10px;">\r\n		&nbsp;</p>\r\n	<p style="box-sizing: border-box; margin: 0px 0px 10px; text-align: center;">\r\n		<span style="box-sizing: border-box; font-family: Arial; text-align: justify;"><em style="box-sizing: border-box;">iOS 9 đem lại cho bạn trải nghiệm tốt nhất đối với hệ sinh thái vượt trội của Apple</em></span></p>\r\n	<p style="box-sizing: border-box; margin: 0px 0px 10px;">\r\n		<span style="box-sizing: border-box; font-family: Arial;">Có quá nhiều tính năng mới mẻ, cần thiết và hỗ trợ tối đa tiện ích khi nói về iOS 9. Sở hữu một con chip A9 mạnh mẽ, Apple đã “thổi hồn” cho con chip này với một iOS 9 có khả năng xử lý đa nhiệm cực kỳ mượt mà. Tính năng tìm kiếm thông minh cũng như ứng dụng chuyên tâm về sức khỏe đã khiến hệ sinh thái iOS mới đáng giá hơn bao giờ hết. Chế độ tiết kiệm pin cũng là điểm đáng nói giúp bạn đọc làm chủ thời lượng sử dụng của mình một cách tối ưu.</span></p>\r\n	<p style="box-sizing: border-box; margin: 0px 0px 10px;">\r\n		<span style="box-sizing: border-box; font-family: Arial;">Sử dụng iPhone 6s bạn sẽ không phải phàn nàn về bất kỳ sự giật, lag nào khi thực hiện những tác vụ hoặc những game đòi hỏi cấu hình cao đến đâu đi chăng nữa trên AppStore.</span></p>\r\n	<p style="box-sizing: border-box; margin: 0px 0px 10px;">\r\n		<br style="box-sizing: border-box;" />\r\n		<span style="box-sizing: border-box; font-family: Arial;"><span style="box-sizing: border-box; font-weight: 700;">Camera cao cấp với nhiều tính năng hiện đại</span></span></p>\r\n	<p style="box-sizing: border-box; margin: 0px 0px 10px;">\r\n		<span style="box-sizing: border-box; font-family: Arial;">Camera iSign (camera chính) được nâng cấp lên 12MP có tốc độ lấy nét cực nhanh. Khả năng quay video 4K cao cấp cùng với đó là Camera trước 5MP với Retina Flash rất phù hợp để bạn ghi lại những khoảnh khắc đáng nhớ trong cuộc sống...</span></p>\r\n	<p style="box-sizing: border-box; margin: 0px 0px 10px;">\r\n		&nbsp;</p>\r\n	<div style="box-sizing: border-box; text-align: center;">\r\n		<span style="box-sizing: border-box; font-family: Arial;"><img alt="" data-original="http://cdn.viettelstore.vn/Images/Product/ProductImage/dien-thoai/Apple/iPhone%206s/iPhone-6s-06.jpg" src="http://cdn.viettelstore.vn/Images/Product/ProductImage/dien-thoai/Apple/iPhone%206s/iPhone-6s-06.jpg" style="box-sizing: border-box; border: 0px; vertical-align: middle; display: inline;" /></span></div>\r\n	<p style="box-sizing: border-box; margin: 0px 0px 10px;">\r\n		&nbsp;</p>\r\n	<p style="box-sizing: border-box; margin: 0px 0px 10px; text-align: center;">\r\n		<span style="box-sizing: border-box; font-family: Arial;"><em style="box-sizing: border-box;">Camera 12Mp hỗ trợ quay phim 4K trên iPhone 6s là một trong những smartphone dẫn đầu xu hướng về hình ảnh hiện nay</em></span></p>\r\n	<p style="box-sizing: border-box; margin: 0px 0px 10px;">\r\n		<span style="box-sizing: border-box; font-family: Arial;">Tính năng quay video 4K trên iPhone 6s thực sự đáng giá đem lại cho bạn những đoạn phim ngắn ấn tượng với hình ảnh sắc nét độ phân giải cao gấp 4 lần chuẩn Full-HD 1080P hiện nay. Thời lượng pin cũng là điểm đáng nói đến khi iPhone 6s sử dụng iOS 9 có thời lượng sử dụng pin tốt hơn rất nhiều, dùng hơn một ngày thoải mái (xem phim liên tục thì được khoảng 11 tiếng) và vẫn tốt hơn so với pin các máy smartphone cao cấp khác.</span></p>\r\n	<p style="box-sizing: border-box; margin: 0px 0px 10px;">\r\n		<span style="box-sizing: border-box; font-family: Arial;">​</span></p>\r\n	<p style="box-sizing: border-box; margin: 0px 0px 10px;">\r\n		<span style="box-sizing: border-box; font-family: Arial;"><span style="box-sizing: border-box; font-weight: 700;">Live Photo kết hợp Retina Flash tạo nên trải nghiệm thú vị về hình ảnh</span></span></p>\r\n	<p style="box-sizing: border-box; margin: 0px 0px 10px;">\r\n		<span style="box-sizing: border-box; font-family: Arial;">Camera trước của iPhone 6s lần đầu tiên tích hợp công nghệ Retina Flash khiến những bức ảnh selfie chụp trong điều kiện thiếu sáng trở nên đủ sáng và sắc nét hơn bao giờ hết. Độ phân giải 5Mp trên camera trước cũng là điểm nhấn đáng nói khi nói về tính năng selfie trên chiếc iPhone “nổi danh” này.</span></p>\r\n	<p style="box-sizing: border-box; margin: 0px 0px 10px; text-align: center;">\r\n		<span style="box-sizing: border-box; font-family: Arial;"><img alt="" data-original="http://cdn.viettelstore.vn/Images/Product/ProductImage/dien-thoai/Apple/iPhone%206s/iPhone-6s-07.jpg" src="http://cdn.viettelstore.vn/Images/Product/ProductImage/dien-thoai/Apple/iPhone%206s/iPhone-6s-07.jpg" style="box-sizing: border-box; border: 0px; vertical-align: middle; display: inline;" /></span></p>\r\n	<p style="box-sizing: border-box; margin: 0px 0px 10px; text-align: center;">\r\n		<span style="box-sizing: border-box; font-family: Arial;"><em style="box-sizing: border-box;">Live Photo và Retina Flash là bộ đôi tính năng hỗ trợ trải nghiệm hình ảnh xuất sắc của Apple</em></span></p>\r\n	<p style="box-sizing: border-box; margin: 0px 0px 10px;">\r\n		<span style="box-sizing: border-box; font-family: Arial;">Ngoài ra với tính năng Live Photos, chúng ta có thể dễ dàng ghi lại những khoảnh khắc vui nhộn, đáng nhớ trong cuộc sống, những chi tiết chỉ xảy ra trong vài giây ngắn ngủi khi sử dụng<span style="box-sizing: border-box; font-weight: 700;">&nbsp;iPhone 6s</span>. Hoặc sáng tạo hơn, chúng ta có thể tự tạo ra những bức ảnh động mang thương hiệu cá nhân để gán cho màn hình khóa, hoặc chia sẻ với bạn bè, người thân.</span></p>\r\n</div>\r\n', '12 tháng', 'Ba lô', 1, 14000000, '<ul class="detail-main-specification" style="box-sizing: border-box; margin: 0px; padding: 0px; list-style: none; color: rgb(51, 51, 51); font-family: Arial, sans-serif; font-size: 14px;">\r\n	<li style="box-sizing: border-box; padding: 15px 0px; border-bottom: 1px solid rgb(235, 235, 235);">\r\n		<label style="box-sizing: border-box; display: table-cell; max-width: 100%; margin: 0px; padding: 0px 5px 0px 20px; width: 180px; vertical-align: middle;">Màn hình :</label><span style="box-sizing: border-box; display: table-cell; line-height: 18px; vertical-align: middle; word-break: break-all;">4.7 inch (1334 x 750 pixels)</span></li>\r\n	<li style="box-sizing: border-box; padding: 15px 0px; border-bottom: 1px solid rgb(235, 235, 235);">\r\n		<label style="box-sizing: border-box; display: table-cell; max-width: 100%; margin: 0px; padding: 0px 5px 0px 20px; width: 180px; vertical-align: middle;">Camera :</label><span style="box-sizing: border-box; display: table-cell; line-height: 18px; vertical-align: middle; word-break: break-all;">Chính: 12.0MP, Phụ: 5.0 MP</span></li>\r\n	<li style="box-sizing: border-box; padding: 15px 0px; border-bottom: 1px solid rgb(235, 235, 235);">\r\n		<label style="box-sizing: border-box; display: table-cell; max-width: 100%; margin: 0px; padding: 0px 5px 0px 20px; width: 180px; vertical-align: middle;">Bộ nhớ trong :</label><span style="box-sizing: border-box; display: table-cell; line-height: 18px; vertical-align: middle; word-break: break-all;">16 GB</span></li>\r\n	<li style="box-sizing: border-box; padding: 15px 0px; border-bottom: 1px solid rgb(235, 235, 235);">\r\n		<label style="box-sizing: border-box; display: table-cell; max-width: 100%; margin: 0px; padding: 0px 5px 0px 20px; width: 180px; vertical-align: middle;">Hệ điều hành :</label><span style="box-sizing: border-box; display: table-cell; line-height: 18px; vertical-align: middle; word-break: break-all;">iOS 9</span></li>\r\n	<li style="box-sizing: border-box; padding: 15px 0px; border-bottom: 1px solid rgb(235, 235, 235);">\r\n		<label style="box-sizing: border-box; display: table-cell; max-width: 100%; margin: 0px; padding: 0px 5px 0px 20px; width: 180px; vertical-align: middle;">Chipset :</label><span style="box-sizing: border-box; display: table-cell; line-height: 18px; vertical-align: middle; word-break: break-all;">Apple A9</span></li>\r\n	<li style="box-sizing: border-box; padding: 15px 0px; border-bottom: 0px;">\r\n		<label style="box-sizing: border-box; display: table-cell; max-width: 100%; margin: 0px; padding: 0px 5px 0px 20px; width: 180px; vertical-align: middle;">Kích thước :</label><span style="box-sizing: border-box; display: table-cell; line-height: 18px; vertical-align: middle; word-break: break-all;">138.3 x 67.1 x 7.1 mm</span></li>\r\n</ul>\r\n'),
(9, 'Asus X554LP-XX064D', 'Asus X554LP-XX064D.jpg', '1', 8900000, 'True', 'True', 'True', '<h4 style="box-sizing: border-box; font-family: Arial, Helvetica, sans-serif; font-weight: 400; line-height: 26px; color: rgb(31, 31, 29); margin-top: 10px; margin-bottom: 10px; font-size: 20px;">\r\n	Đặc điểm nổi bật</h4>\r\n<div id="owl-feature" style="box-sizing: border-box; color: rgb(51, 51, 51); font-family: Arial, Helvetica, sans-serif; padding-bottom: 20px; text-align: justify; font-size: 14px;">\r\n	<p style="box-sizing: border-box; margin: 0px 0px 10px;">\r\n		<span style="box-sizing: border-box; font-family: Arial;"><span style="box-sizing: border-box; font-weight: 700;">Asus X554LP-XX064D: Thiết kế đẹp – Cấu hình mạnh – Giá phải chăng</span></span></p>\r\n	<p style="box-sizing: border-box; margin: 0px 0px 10px;">\r\n		<span style="box-sizing: border-box; font-family: Arial;">Laptop&nbsp;<span style="box-sizing: border-box; font-weight: 700;">Asus X554LP-XX064D</span>&nbsp;được trang bị vi xử lý Intel Core i5 mạnh mẽ, cùng màn hình rộng và đặc biệt giá cả khá mềm. Đây sẽ là một lựa chọn tuyệt vời nhất nếu bạn thường xuyên làm việc với chương trình liên quan đến đồ họa hay chơi game đòi hỏi đồ họa cao với cấu hình mạnh mẽ.</span></p>\r\n	<p style="box-sizing: border-box; margin: 0px 0px 10px;">\r\n		<br style="box-sizing: border-box;" />\r\n		<span style="box-sizing: border-box; font-family: Arial;"><span style="box-sizing: border-box; font-weight: 700;">Thiết kế chắn chắn, tinh tế</span></span></p>\r\n	<p style="box-sizing: border-box; margin: 0px 0px 10px; text-align: center;">\r\n		<img alt="" data-original="http://cdn.viettelstore.vn/Images/Product/ProductImage/may-tinh/4-%20Asus/Asus%20X554LP-XX064D/Asus-X554LP-XX064D-1.jpg" src="http://cdn.viettelstore.vn/Images/Product/ProductImage/may-tinh/4-%20Asus/Asus%20X554LP-XX064D/Asus-X554LP-XX064D-1.jpg" style="box-sizing: border-box; border: 0px; vertical-align: middle; display: inline;" /></p>\r\n	<p style="box-sizing: border-box; margin: 0px 0px 10px;">\r\n		<span style="box-sizing: border-box; font-family: Arial;"><span style="box-sizing: border-box; font-weight: 700;">Asus X554LP-XX064D</span>&nbsp;có thiết kế đơn giản giống với phần lớn sản phẩm laptop khác của Asus. Mặt lưng máy được làm bằng nhựa cứng với tông màu đen chủ đạo cùng các đường vân giúp máy trở nên lịch lãm và mạnh mẽ hơn, đồng thời cho người dùng cảm giác cầm nắm chắc chắn hơn. Bên cạnh đó, trọng lượng 2.1 kg cũng giúp bạn di chuyển dễ dàng và thuận tiện hơn.</span></p>\r\n	<p style="box-sizing: border-box; margin: 0px 0px 10px;">\r\n		<br style="box-sizing: border-box;" />\r\n		<span style="box-sizing: border-box; font-family: Arial;"><span style="box-sizing: border-box; font-weight: 700;">Màn hình 15.6 inch sắc nét</span></span></p>\r\n	<p style="box-sizing: border-box; margin: 0px 0px 10px;">\r\n		<span style="box-sizing: border-box; font-family: Arial;">Asus X554LP-XX064D sở hữu màn hình kích thước lớn 15.6 inch độ phân giải chuẩn HD 1366 x 768 pixels cùng những công nghệ tiên tiến của Asus sẽ mang đến bạn nhiều không gian và trải nghiệm thú vị hơn trong cả công việc và giải trí. Thực tế cho thấy mọi hình ảnh đều được hiển thị rõ ràng, đầy đủ chi tiết, độ tương phản cao và màu sắc khá chân thực.</span></p>\r\n	<p style="box-sizing: border-box; margin: 0px 0px 10px; text-align: center;">\r\n		<img alt="" data-original="http://cdn.viettelstore.vn/Images/Product/ProductImage/may-tinh/4-%20Asus/Asus%20X554LP-XX064D/Asus-X554LP-XX064D-2.jpg" src="http://cdn.viettelstore.vn/Images/Product/ProductImage/may-tinh/4-%20Asus/Asus%20X554LP-XX064D/Asus-X554LP-XX064D-2.jpg" style="box-sizing: border-box; border: 0px; vertical-align: middle; display: inline;" /></p>\r\n	<p style="box-sizing: border-box; margin: 0px 0px 10px;">\r\n		<span style="box-sizing: border-box; font-family: Arial;">Không chỉ có màn hình sắc nét, Asus X554LP-XX064D còn được trang bị hệ thống loa lớn cùng công nghệ thanh SonicMaster và phần mềm ASUS AudioWizard cho chất lượng âm thanh vượt trội, sống động và chính xác trong mọi ứng dụng xem phim, nghe nhạc, chơi game để bạn thỏa sức sống trọn đam mê.</span></p>\r\n	<p style="box-sizing: border-box; margin: 0px 0px 10px;">\r\n		<br style="box-sizing: border-box;" />\r\n		<span style="box-sizing: border-box; font-family: Arial;"><span style="box-sizing: border-box; font-weight: 700;">Bàn phím và Touchpad tiện dụng</span></span></p>\r\n	<p style="box-sizing: border-box; margin: 0px 0px 10px; text-align: center;">\r\n		<img alt="" data-original="http://cdn.viettelstore.vn/Images/Product/ProductImage/may-tinh/4-%20Asus/Asus%20X554LP-XX064D/Asus-X554LP-XX064D-4.jpg" src="http://cdn.viettelstore.vn/Images/Product/ProductImage/may-tinh/4-%20Asus/Asus%20X554LP-XX064D/Asus-X554LP-XX064D-4.jpg" style="box-sizing: border-box; border: 0px; vertical-align: middle; display: inline;" /></p>\r\n	<p style="box-sizing: border-box; margin: 0px 0px 10px;">\r\n		<span style="box-sizing: border-box; font-family: Arial;">Do kích thước màn hình lớn nên Asus X554LP cũng có được không gian tốt để bố trí một bàn phím đầy đủ tiện lợi. Các phím được thiết kế với khoảng cách vừa phải, độ nảy cao và bàn phím số thuận tiện phía bên phải giúp bạn làm các công việc văn phòng một cách dễ dàng. Trong khi đó, bàn di chuột Touchpad được làm rộng rãi, nhạy bén cũng cho bạn những thao tác kéo thả, lướt chạm mượt mà nhất.</span></p>\r\n	<p style="box-sizing: border-box; margin: 0px 0px 10px;">\r\n		<br style="box-sizing: border-box;" />\r\n		<span style="box-sizing: border-box; font-family: Arial;"><span style="box-sizing: border-box; font-weight: 700;">Cấu hình mạnh mẽ</span></span></p>\r\n	<p style="box-sizing: border-box; margin: 0px 0px 10px;">\r\n		<span style="box-sizing: border-box; font-family: Arial;">Asus X554LP-XX064D được trang bị vi xử lý Intel Core i5, xung nhịp 2.2 GHz, làm tăng hiệu suất làm việc của máy, đồng thời dòng chip có khả năng tiết kiệm lượng điện tiêu thụ đáng kể đem lại sự lâu bền trong quá trình sử dụng. Thanh RAM 4GB được gắn trên máy nhằm tăng khả năng hoạt động của máy thêm trơn tru, mềm mượt khi nhiều chương &nbsp;trình cùng một lúc.&nbsp;</span></p>\r\n	<p style="box-sizing: border-box; margin: 0px 0px 10px; text-align: center;">\r\n		<img alt="" data-original="http://cdn.viettelstore.vn/Images/Product/ProductImage/may-tinh/4-%20Asus/Asus%20X554LP-XX064D/Asus-X554LP-XX064D-3.jpg" src="http://cdn.viettelstore.vn/Images/Product/ProductImage/may-tinh/4-%20Asus/Asus%20X554LP-XX064D/Asus-X554LP-XX064D-3.jpg" style="box-sizing: border-box; border: 0px; vertical-align: middle; display: inline;" /></p>\r\n	<p style="box-sizing: border-box; margin: 0px 0px 10px;">\r\n		<span style="box-sizing: border-box; font-family: Arial;">Ngoài ra, Máy tính xách tay ASUS X554LP-XX064D sử dụng ổ cứng HDD có dung lượng 500GB, tuy không phải một thông số ấn tượng hơn so với dòng laptop hiện tại nhưng đủ để bạn thoải mái lưu trữ những thứ cần thiết phục vụ học tập , làm việc và giải trí. Đặc biệt, máy được nhà sản xuất ưu ái hơn bằng việc trang bị thêm card màn hình VGA rời AMD R5 M230 1GB, nhờ vậy mà hổ trợ tốt công việc xử lý đồ họa hay chơi game online phổ biến nhất hiện nay như: FIFA, Liên Minh Huyền Thoại…</span></p>\r\n	<p style="box-sizing: border-box; margin: 0px 0px 10px;">\r\n		<br style="box-sizing: border-box;" />\r\n		<span style="box-sizing: border-box; font-family: Arial;"><span style="box-sizing: border-box; font-weight: 700;">Đa kết nối</span></span></p>\r\n	<p style="box-sizing: border-box; margin: 0px 0px 10px; text-align: center;">\r\n		<img alt="" data-original="http://cdn.viettelstore.vn/Images/Product/ProductImage/may-tinh/4-%20Asus/Asus%20X554LP-XX064D/Asus-X554LP-XX064D-5.jpg" src="http://cdn.viettelstore.vn/Images/Product/ProductImage/may-tinh/4-%20Asus/Asus%20X554LP-XX064D/Asus-X554LP-XX064D-5.jpg" style="box-sizing: border-box; border: 0px; vertical-align: middle; display: inline;" /></p>\r\n	<p style="box-sizing: border-box; margin: 0px 0px 10px;">\r\n		<span style="box-sizing: border-box; font-family: Arial;">Bạn chắc chắn sẽ không ấn tượng về các cổng kết nối của máy bởi&nbsp;<span style="box-sizing: border-box; font-weight: 700;">Asus X554LP-XX064D</span>&nbsp;cũng được trang bị các cổng kết nối tượng tự như laptop hiện đại gồm có cổng &nbsp;USB 3.0 tốc độ cao, cổng USB 2.0 , cổng kết xuất dữ liệu HDMI và một đều hiển nhiên là không thể thiếu cổng LAN, Wifi nhằm giúp bạn hòa nhập vào thế giới intenet rộng lớn. Ngoài ra, ổ quang DVD cho phép bạn đọc/ghi tài liêu nhanh chóng và tiện lợi.</span></p>\r\n</div>\r\n', '24 tháng', 'Ba lô', 20, 1000000, '<table cellpadding="0" cellspacing="0" style="box-sizing: border-box; border-spacing: 0px; border-collapse: collapse; margin-bottom: 10px; color: rgb(51, 51, 51); font-family: Arial, Helvetica, sans-serif; font-size: 14px;width: 692px">\r\n	<tbody style="box-sizing: border-box;">\r\n		<tr style="box-sizing: border-box; border-top: 1px solid rgb(232, 232, 232); height: 39px;">\r\n			<td style="box-sizing: border-box; padding: 0px; color: rgb(78, 78, 78); vertical-align: middle; width: 180px;">\r\n				Bộ vi xử lý:</td>\r\n			<td style="box-sizing: border-box; padding: 0px; color: rgb(78, 78, 78); vertical-align: middle;">\r\n				Intel® Core™ i5-5200U (2.2Ghz, 3 MB Cache)</td>\r\n		</tr>\r\n		<tr style="box-sizing: border-box; border-top: 1px solid rgb(232, 232, 232); height: 39px;">\r\n			<td style="box-sizing: border-box; padding: 0px; color: rgb(78, 78, 78); vertical-align: middle; width: 180px;">\r\n				Bộ nhớ:</td>\r\n			<td style="box-sizing: border-box; padding: 0px; color: rgb(78, 78, 78); vertical-align: middle;">\r\n				4 GB, DDR3, 1600MHz</td>\r\n		</tr>\r\n		<tr style="box-sizing: border-box; border-top: 1px solid rgb(232, 232, 232); height: 39px;">\r\n			<td style="box-sizing: border-box; padding: 0px; color: rgb(78, 78, 78); vertical-align: middle; width: 180px;">\r\n				Màn hình:</td>\r\n			<td style="box-sizing: border-box; padding: 0px; color: rgb(78, 78, 78); vertical-align: middle;">\r\n				15.6'', HD LED, 1366 x 768 pixels</td>\r\n		</tr>\r\n		<tr style="box-sizing: border-box; border-top: 1px solid rgb(232, 232, 232); height: 39px;">\r\n			<td style="box-sizing: border-box; padding: 0px; color: rgb(78, 78, 78); vertical-align: middle; width: 180px;">\r\n				Ổ cứng:</td>\r\n			<td style="box-sizing: border-box; padding: 0px; color: rgb(78, 78, 78); vertical-align: middle;">\r\n				500 GB, HDD, 5400rpm</td>\r\n		</tr>\r\n		<tr style="box-sizing: border-box; border-top: 1px solid rgb(232, 232, 232); height: 39px;">\r\n			<td style="box-sizing: border-box; padding: 0px; color: rgb(78, 78, 78); vertical-align: middle; width: 180px;">\r\n				Card đồ họa:</td>\r\n			<td style="box-sizing: border-box; padding: 0px; color: rgb(78, 78, 78); vertical-align: middle;">\r\n				AMD Radeon R5 M230, 1 GB</td>\r\n		</tr>\r\n		<tr style="box-sizing: border-box; border-top: 1px solid rgb(232, 232, 232); height: 39px;">\r\n			<td style="box-sizing: border-box; padding: 0px; color: rgb(78, 78, 78); vertical-align: middle; width: 180px;">\r\n				Webcam:</td>\r\n			<td style="box-sizing: border-box; padding: 0px; color: rgb(78, 78, 78); vertical-align: middle;">\r\n				Có</td>\r\n		</tr>\r\n		<tr style="box-sizing: border-box; border-top: 1px solid rgb(232, 232, 232); height: 39px;">\r\n			<td style="box-sizing: border-box; padding: 0px; color: rgb(78, 78, 78); vertical-align: middle; width: 180px;">\r\n				Hệ điều hành:</td>\r\n			<td style="box-sizing: border-box; padding: 0px; color: rgb(78, 78, 78); vertical-align: middle;">\r\n				Free DOS</td>\r\n		</tr>\r\n		<tr style="box-sizing: border-box; border-top: 1px solid rgb(232, 232, 232); height: 39px;">\r\n			<td style="box-sizing: border-box; padding: 0px; color: rgb(78, 78, 78); vertical-align: middle; width: 180px;">\r\n				Ổ quang:</td>\r\n			<td style="box-sizing: border-box; padding: 0px; color: rgb(78, 78, 78); vertical-align: middle;">\r\n				DVDRW</td>\r\n		</tr>\r\n		<tr style="box-sizing: border-box; border-top: 1px solid rgb(232, 232, 232); height: 39px;">\r\n			<td style="box-sizing: border-box; padding: 0px; color: rgb(78, 78, 78); vertical-align: middle; width: 180px;">\r\n				Bảo hành:</td>\r\n			<td style="box-sizing: border-box; padding: 0px; color: rgb(78, 78, 78); vertical-align: middle;">\r\n				24 tháng</td>\r\n		</tr>\r\n		<tr style="box-sizing: border-box; border-top: 1px solid rgb(232, 232, 232); height: 39px;">\r\n			<td style="box-sizing: border-box; padding: 0px; color: rgb(78, 78, 78); vertical-align: middle; width: 180px;">\r\n				Trọng lượng:</td>\r\n			<td style="box-sizing: border-box; padding: 0px; color: rgb(78, 78, 78); vertical-align: middle;">\r\n				2.1 kg</td>\r\n		</tr>\r\n		<tr style="box-sizing: border-box; border-top: 1px solid rgb(232, 232, 232); height: 39px;">\r\n			<td style="box-sizing: border-box; padding: 0px; color: rgb(78, 78, 78); vertical-align: middle; width: 180px;">\r\n				Loại pin:</td>\r\n			<td style="box-sizing: border-box; padding: 0px; color: rgb(78, 78, 78); vertical-align: middle;">\r\n				Li-Ion, 4 Cell</td>\r\n		</tr>\r\n	</tbody>\r\n</table>\r\n');
INSERT INTO `product` (`IdProduct`, `NameProduct`, `ImageProduct`, `IdMenuCon`, `Price`, `Visible`, `SPHot`, `SPKM`, `InfoProduct`, `baohanh`, `khuyenmai`, `soluong_pro`, `pricethitruong`, `thongso`) VALUES
(10, 'DELL N3551A-V5C005W', 'DELL N3551A V5C005W.jpeg', '2', 12900000, 'True', 'True', 'True', '<h4 style="box-sizing: border-box; font-family: Arial, Helvetica, sans-serif; font-weight: 400; line-height: 26px; color: rgb(31, 31, 29); margin-top: 10px; margin-bottom: 10px; font-size: 20px;">\r\n	Đặc điểm nổi bật</h4>\r\n<div id="owl-feature" style="box-sizing: border-box; color: rgb(51, 51, 51); font-family: Arial, Helvetica, sans-serif; padding-bottom: 20px; text-align: justify; font-size: 14px;">\r\n	<p style="box-sizing: border-box; margin: 0px 0px 10px;">\r\n		<span style="box-sizing: border-box; font-family: Arial;"><span style="box-sizing: border-box; font-weight: 700;">Dell N5559D - P51F004: Cấu hình siêu khủng sử dụng ổ cứng 1TB</span></span></p>\r\n	<p style="box-sizing: border-box; margin: 0px 0px 10px;">\r\n		<span style="box-sizing: border-box; font-family: Arial;">Máy tính xách tay&nbsp;<span style="box-sizing: border-box; font-weight: 700;">Dell N5559D - P51F004</span>&nbsp;mang đến những hiệu suất vượt trội với cấu hình siêu khủng, sở hữu màn hình sắc nét cũng như các tính năng mạnh mẽ và đột phá. Với dòng sản phẩm Dell Inspiron, Dell đã mang đến cho người dùng rất nhiều sự lựa chọn phù hợp với nhu cầu công việc giải trí hay túi tiền.&nbsp;</span></p>\r\n	<p style="box-sizing: border-box; margin: 0px 0px 10px; text-align: center;">\r\n		<span style="box-sizing: border-box; font-family: Arial;"><img alt="" data-original="http://cdn.viettelstore.vn/Images/Product/ProductImage/may-tinh/2-%20Delll/Dell%20N5559D%20-%20P51F004/Dell-N5559D-P51F004-1.jpg" src="http://cdn.viettelstore.vn/Images/Product/ProductImage/may-tinh/2-%20Delll/Dell%20N5559D%20-%20P51F004/Dell-N5559D-P51F004-1.jpg" style="box-sizing: border-box; border: 0px; vertical-align: middle; display: inline;" /></span></p>\r\n	<p style="box-sizing: border-box; margin: 0px 0px 10px;">\r\n		<span style="box-sizing: border-box; font-family: Arial;">&nbsp;</span></p>\r\n	<p style="box-sizing: border-box; margin: 0px 0px 10px;">\r\n		<span style="box-sizing: border-box; font-family: Arial;"><span style="box-sizing: border-box; font-weight: 700;">Thiết kế chắc chắn vốn là bản sắc của Dell</span></span></p>\r\n	<p style="box-sizing: border-box; margin: 0px 0px 10px;">\r\n		<span style="box-sizing: border-box; font-family: Arial;">Mang phong cách thiết kế đặc trưng được tiếp nối từ các thiết bị đàn anh, Dell N5559D - P51F004 &nbsp;có các góc cạnh được thiết kế vuông vức cùng bộ khung chắc chắn, tạo nên sự bền bỉ và sang trọng.<span style="box-sizing: border-box; font-weight: 700;">Dell N5559D - P51F004</span>&nbsp;được bao bọc bởi lớp vỏ cứng, nhám, cao cấp khá rắn chắc. Lớp vỏ nhám cứng cáp không những giúp dễ dàng cầm nắm laptop khi di chuyển mà còn chống bám vân tay rất tốt, dễ dàng hơn khi vệ sinh máy.</span></p>\r\n	<p style="box-sizing: border-box; margin: 0px 0px 10px; text-align: center;">\r\n		<span style="box-sizing: border-box; font-family: Arial;"><img alt="" data-original="http://cdn.viettelstore.vn/Images/Product/ProductImage/may-tinh/2-%20Delll/Dell%20N5559D%20-%20P51F004/Dell-N5559D-P51F004-3.jpg" src="http://cdn.viettelstore.vn/Images/Product/ProductImage/may-tinh/2-%20Delll/Dell%20N5559D%20-%20P51F004/Dell-N5559D-P51F004-3.jpg" style="box-sizing: border-box; border: 0px; vertical-align: middle; display: inline;" /></span></p>\r\n	<p style="box-sizing: border-box; margin: 0px 0px 10px; text-align: center;">\r\n		<span style="box-sizing: border-box; font-family: Arial;"><em style="box-sizing: border-box;">Máy hỗ trợ nhiều cổng kết nối phổ biến thời điểm hiện tại</em></span></p>\r\n	<p style="box-sizing: border-box; margin: 0px 0px 10px;">\r\n		<span style="box-sizing: border-box; font-family: Arial;">Dell N5559D - P51F004 sẽ rất thích hợp với phân khúc khách hàng lịch lãm, yêu thích một cỗ máy tính có hiệu năng cao, thể hiện lên cá tính chuyên nghiệp của người sử dụng. Tất cả là nhờ vào dáng vẻ gọn gàng, cứng cáp, tinh tế mà ta thường thấy ở những thiết kế của dòng laptop Dell.</span></p>\r\n	<p style="box-sizing: border-box; margin: 0px 0px 10px;">\r\n		<br style="box-sizing: border-box;" />\r\n		<span style="box-sizing: border-box; font-family: Arial;"><span style="box-sizing: border-box; font-weight: 700;">Màn hình lớn, hình ảnh hiển thị rực rỡ</span></span></p>\r\n	<p style="box-sizing: border-box; margin: 0px 0px 10px;">\r\n		<span style="box-sizing: border-box; font-family: Arial;">Giải trí hay công việc đều sẽ thuận lợi hơn khi sử dụng một chiếc máy màn hình lớn. Màn hình kích thước 15.6 inch độ phân giải 1366 x 768 pixels của Dell N5559D - P51F004 sẽ làm vừa lòng bạn khi sử dụng. Góc nhìn rộng đến 135 độ cùng tấm nền chống chói giúp màn hình luôn sáng, đẹp trong mọi hoàn cảnh.&nbsp;</span></p>\r\n	<p style="box-sizing: border-box; margin: 0px 0px 10px; text-align: center;">\r\n		<span style="box-sizing: border-box; font-family: Arial;"><img alt="" data-original="http://cdn.viettelstore.vn/Images/Product/ProductImage/may-tinh/2-%20Delll/Dell%20N5559D%20-%20P51F004/Dell-N5559D-P51F004-2.jpg" src="http://cdn.viettelstore.vn/Images/Product/ProductImage/may-tinh/2-%20Delll/Dell%20N5559D%20-%20P51F004/Dell-N5559D-P51F004-2.jpg" style="box-sizing: border-box; border: 0px; vertical-align: middle; display: inline;" /></span></p>\r\n	<p style="box-sizing: border-box; margin: 0px 0px 10px;">\r\n		<span style="box-sizing: border-box; font-family: Arial;">Hơn nữa, độ phân giải cao kết hợp với cạc màn hình rời sẽ giúp cho các chi tiết trở nên rõ ràng và trung thực hơn khi người dùng trải nghiệm Game và các ứng dụng đòi hỏi độ phức tạp về đồ họa.</span></p>\r\n	<p style="box-sizing: border-box; margin: 0px 0px 10px;">\r\n		<br style="box-sizing: border-box;" />\r\n		<span style="box-sizing: border-box; font-family: Arial;"><span style="box-sizing: border-box; font-weight: 700;">Cấu hình cao so với mức giá</span></span></p>\r\n	<p style="box-sizing: border-box; margin: 0px 0px 10px;">\r\n		<span style="box-sizing: border-box; font-family: Arial;">Máy tính xách tay Dell N5559D - P51F004 sở hữu bộ vi xử lý Intel Core i7 Skylake 6500U, mang đến khả năng hoạt động tốt và tiết kiệm được lượng điện năng tiêu thụ. Máy tính xách tay Dell N5559D - P51F004 có thể đáp ứng được nhu cầu hoạt động cùng lúc nhiều chương trình mà vẫn đảm bảo được độ mượt mà nhờ vào RAM với dung lượng 8 GB, hỗ trợ bạn hoàn thành tốt công việc cũng như nhu cầu giải trí với hiệu năng tuyệt đỉnh.</span></p>\r\n	<p style="box-sizing: border-box; margin: 0px 0px 10px; text-align: center;">\r\n		<span style="box-sizing: border-box; font-family: Arial;"><img alt="" data-original="http://cdn.viettelstore.vn/Images/Product/ProductImage/may-tinh/2-%20Delll/Dell%20N5559D%20-%20P51F004/Dell-N5559D-P51F004-4.jpg" src="http://cdn.viettelstore.vn/Images/Product/ProductImage/may-tinh/2-%20Delll/Dell%20N5559D%20-%20P51F004/Dell-N5559D-P51F004-4.jpg" style="box-sizing: border-box; border: 0px; vertical-align: middle; display: inline;" /></span></p>\r\n	<p style="box-sizing: border-box; margin: 0px 0px 10px;">\r\n		<span style="box-sizing: border-box; font-family: Arial;">Máy đáp ứng được các nhu cầu công việc và giải trí thường ngày của người dùng. Khả năng xử lý đồ họa cũng được cải thiện tốt hơn với card đồ họa rời AMD R5 M335 dung lượng 2 GB.</span></p>\r\n	<p style="box-sizing: border-box; margin: 0px 0px 10px;">\r\n		<br style="box-sizing: border-box;" />\r\n		<span style="box-sizing: border-box; font-family: Arial;"><span style="box-sizing: border-box; font-weight: 700;">Ổ cứng dung lượng khủng lên tới 1TB</span></span></p>\r\n	<p style="box-sizing: border-box; margin: 0px 0px 10px; text-align: center;">\r\n		<span style="box-sizing: border-box; font-family: Arial;"><img alt="" data-original="http://cdn.viettelstore.vn/Images/Product/ProductImage/may-tinh/2-%20Delll/Dell%20N5559D%20-%20P51F004/Dell-N5559D-P51F004-5.jpg" src="http://cdn.viettelstore.vn/Images/Product/ProductImage/may-tinh/2-%20Delll/Dell%20N5559D%20-%20P51F004/Dell-N5559D-P51F004-5.jpg" style="box-sizing: border-box; border: 0px; vertical-align: middle; display: inline;" /></span></p>\r\n	<p style="box-sizing: border-box; margin: 0px 0px 10px; text-align: center;">\r\n		<span style="box-sizing: border-box; font-family: Arial;"><em style="box-sizing: border-box;">Dell N5559D - P51F004 được tích hợp ổ cứng 1TB giúp bạn thỏa sức lưu trữ phim ảnh và tài liệu…</em></span></p>\r\n	<p style="box-sizing: border-box; margin: 0px 0px 10px;">\r\n		<span style="box-sizing: border-box; font-family: Arial;">Ổ đĩa cứng 1TB (1024 GB) được tích hợp trên máy&nbsp;<span style="box-sizing: border-box; font-weight: 700;">Dell N5559D - P51F004</span>&nbsp;giúp cho bạn có thể chủ động hơn trong công việc lưu trữ dữ liệu cũng như quản lý các ứng dụng, trò chơi. Không còn phải lo nghĩ quá nhiều về tình trạng hết bộ nhớ trống. Giờ đây bạn có thể tự tin lưu lại những hình ảnh, tài liệu, phim thoải mái mà không sợ ổ cứng nhanh bị đầy.</span></p>\r\n</div>\r\n', '12 tháng', 'Ba lô', 12, 14990000, '<table cellpadding="0" cellspacing="0" style="box-sizing: border-box; border-spacing: 0px; border-collapse: collapse; margin-bottom: 10px; color: rgb(51, 51, 51); font-family: Arial, Helvetica, sans-serif; font-size: 14px;width: 692px">\r\n	<tbody style="box-sizing: border-box;">\r\n		<tr style="box-sizing: border-box; border-top: 1px solid rgb(232, 232, 232); height: 39px;">\r\n			<td style="box-sizing: border-box; padding: 0px; color: rgb(78, 78, 78); vertical-align: middle; width: 180px;">\r\n				Màn hình:</td>\r\n			<td style="box-sizing: border-box; padding: 0px; color: rgb(78, 78, 78); vertical-align: middle;">\r\n				15.6'', HD (1366 x 768 pixels)</td>\r\n		</tr>\r\n		<tr style="box-sizing: border-box; border-top: 1px solid rgb(232, 232, 232); height: 39px;">\r\n			<td style="box-sizing: border-box; padding: 0px; color: rgb(78, 78, 78); vertical-align: middle; width: 180px;">\r\n				Bộ vi xử lý:</td>\r\n			<td style="box-sizing: border-box; padding: 0px; color: rgb(78, 78, 78); vertical-align: middle;">\r\n				Intel, Core i7 Skylake, 6500U, 2.5 GHz</td>\r\n		</tr>\r\n		<tr style="box-sizing: border-box; border-top: 1px solid rgb(232, 232, 232); height: 39px;">\r\n			<td style="box-sizing: border-box; padding: 0px; color: rgb(78, 78, 78); vertical-align: middle; width: 180px;">\r\n				Bộ nhớ:</td>\r\n			<td style="box-sizing: border-box; padding: 0px; color: rgb(78, 78, 78); vertical-align: middle;">\r\n				8GB, DDR3L, 1600Mhz</td>\r\n		</tr>\r\n		<tr style="box-sizing: border-box; border-top: 1px solid rgb(232, 232, 232); height: 39px;">\r\n			<td style="box-sizing: border-box; padding: 0px; color: rgb(78, 78, 78); vertical-align: middle; width: 180px;">\r\n				Ổ cứng:</td>\r\n			<td style="box-sizing: border-box; padding: 0px; color: rgb(78, 78, 78); vertical-align: middle;">\r\n				HDD, 1TB</td>\r\n		</tr>\r\n		<tr style="box-sizing: border-box; border-top: 1px solid rgb(232, 232, 232); height: 39px;">\r\n			<td style="box-sizing: border-box; padding: 0px; color: rgb(78, 78, 78); vertical-align: middle; width: 180px;">\r\n				Ổ quang:</td>\r\n			<td style="box-sizing: border-box; padding: 0px; color: rgb(78, 78, 78); vertical-align: middle;">\r\n				DVD-RW</td>\r\n		</tr>\r\n		<tr style="box-sizing: border-box; border-top: 1px solid rgb(232, 232, 232); height: 39px;">\r\n			<td style="box-sizing: border-box; padding: 0px; color: rgb(78, 78, 78); vertical-align: middle; width: 180px;">\r\n				Hệ điều hành:</td>\r\n			<td style="box-sizing: border-box; padding: 0px; color: rgb(78, 78, 78); vertical-align: middle;">\r\n				Dos</td>\r\n		</tr>\r\n		<tr style="box-sizing: border-box; border-top: 1px solid rgb(232, 232, 232); height: 39px;">\r\n			<td style="box-sizing: border-box; padding: 0px; color: rgb(78, 78, 78); vertical-align: middle; width: 180px;">\r\n				Card đồ họa:</td>\r\n			<td style="box-sizing: border-box; padding: 0px; color: rgb(78, 78, 78); vertical-align: middle;">\r\n				AMD R5 M335, 2GB</td>\r\n		</tr>\r\n		<tr style="box-sizing: border-box; border-top: 1px solid rgb(232, 232, 232); height: 39px;">\r\n			<td style="box-sizing: border-box; padding: 0px; color: rgb(78, 78, 78); vertical-align: middle; width: 180px;">\r\n				Webcam:</td>\r\n			<td style="box-sizing: border-box; padding: 0px; color: rgb(78, 78, 78); vertical-align: middle;">\r\n				0.9 MP(16:9)</td>\r\n		</tr>\r\n		<tr style="box-sizing: border-box; border-top: 1px solid rgb(232, 232, 232); height: 39px;">\r\n			<td style="box-sizing: border-box; padding: 0px; color: rgb(78, 78, 78); vertical-align: middle; width: 180px;">\r\n				Kích thước:</td>\r\n			<td style="box-sizing: border-box; padding: 0px; color: rgb(78, 78, 78); vertical-align: middle;">\r\n				23.75 x 380 x 260.4 mm</td>\r\n		</tr>\r\n		<tr style="box-sizing: border-box; border-top: 1px solid rgb(232, 232, 232); height: 39px;">\r\n			<td style="box-sizing: border-box; padding: 0px; color: rgb(78, 78, 78); vertical-align: middle; width: 180px;">\r\n				Trọng lượng:</td>\r\n			<td style="box-sizing: border-box; padding: 0px; color: rgb(78, 78, 78); vertical-align: middle;">\r\n				2.32 kg</td>\r\n		</tr>\r\n		<tr style="box-sizing: border-box; border-top: 1px solid rgb(232, 232, 232); height: 39px;">\r\n			<td style="box-sizing: border-box; padding: 0px; color: rgb(78, 78, 78); vertical-align: middle; width: 180px;">\r\n				Bảo hành:</td>\r\n			<td style="box-sizing: border-box; padding: 0px; color: rgb(78, 78, 78); vertical-align: middle;">\r\n				12 tháng</td>\r\n		</tr>\r\n		<tr style="box-sizing: border-box; border-top: 1px solid rgb(232, 232, 232); height: 39px;">\r\n			<td style="box-sizing: border-box; padding: 0px; color: rgb(78, 78, 78); vertical-align: middle; width: 180px;">\r\n				Loại pin:</td>\r\n			<td style="box-sizing: border-box; padding: 0px; color: rgb(78, 78, 78); vertical-align: middle;">\r\n				4 Cell</td>\r\n		</tr>\r\n	</tbody>\r\n</table>\r\n'),
(11, 'Dell Vostro 5480-P41G002', 'Dell Vostro 5480-P41G002.png', '2', 10900000, 'True', 'True', 'True', '<h4 style="box-sizing: border-box; font-family: Arial, Helvetica, sans-serif; font-weight: 400; line-height: 26px; color: rgb(31, 31, 29); margin-top: 10px; margin-bottom: 10px; font-size: 20px;">\r\n	Đặc điểm nổi bật</h4>\r\n<div id="owl-feature" style="box-sizing: border-box; color: rgb(51, 51, 51); font-family: Arial, Helvetica, sans-serif; padding-bottom: 20px; text-align: justify; font-size: 14px;">\r\n	<p style="box-sizing: border-box; margin: 0px 0px 10px;">\r\n		<span style="box-sizing: border-box; font-family: Arial;"><span style="box-sizing: border-box; font-weight: 700;">Dell Vostro V5459A - P68G001: Laptop cấu hình cao, tích hợp cạc đồ họa rời 2GB</span></span></p>\r\n	<p style="box-sizing: border-box; margin: 0px 0px 10px;">\r\n		<span style="box-sizing: border-box; font-family: Arial;">Máy tính xách tay&nbsp;<span style="box-sizing: border-box; font-weight: 700;">Vostro V5459A - P68G001</span>&nbsp;mang đến những hiệu suất vượt trội với màn hình sắc nét cũng như các tính năng mạnh mẽ và đột phá. Với dòng sản phẩm Dell Vostro, Dell đã mang đến cho người dùng rất nhiều sự lựa chọn phù hợp với nhu cầu công việc giải trí hay túi tiền.&nbsp;</span></p>\r\n	<p style="box-sizing: border-box; margin: 0px 0px 10px;">\r\n		&nbsp;</p>\r\n	<p style="box-sizing: border-box; margin: 0px 0px 10px;">\r\n		<span style="box-sizing: border-box; font-family: Arial;"><span style="box-sizing: border-box; font-weight: 700;">Thiết kế chắc chắn vốn là bản sắc của Dell</span></span></p>\r\n	<p style="box-sizing: border-box; margin: 0px 0px 10px;">\r\n		<span style="box-sizing: border-box; font-family: Arial;">Mang phong cách thiết kế đặc trưng được tiếp nối từ các thiết bị đàn anh,&nbsp;<a href="https://viettelstore.vn/laptop/laptop-dell-vostro-v5459a--p68g001-pid108288.html" style="box-sizing: border-box; background-color: transparent; color: rgb(51, 51, 51); text-decoration: none; font-family: Arial, Helvetica, sans-serif;"><span style="box-sizing: border-box; color: rgb(0, 176, 240); text-decoration: underline;"><span style="box-sizing: border-box; font-weight: 700;">Vostro V5459A - P68G001</span></span></a>&nbsp;có các góc cạnh được thiết kế vuông vức cùng bộ khung chắc chắn, tạo nên sự bền bỉ và sang trọng. Dell Vostro V5459A được bao bọc bởi lớp vỏ cứng, nhám, cao cấp khá rắn chắc. Lớp vỏ cứng cáp không những giúp dễ dàng cầm nắm laptop khi di chuyển mà còn chống bám vân tay rất tốt, dễ dàng hơn khi vệ sinh máy.</span></p>\r\n	<p style="box-sizing: border-box; margin: 0px 0px 10px; text-align: center;">\r\n		<span style="box-sizing: border-box; font-family: Arial;"><img alt="" data-original="http://cdn.viettelstore.vn/Images/Product/ProductImage/may-tinh/2-%20Delll/Dell%20Vostro%20V5459A%20-%20P68G001/Dell-Vostro-V5459A-P68G001-1.jpg" src="http://cdn.viettelstore.vn/Images/Product/ProductImage/may-tinh/2-%20Delll/Dell%20Vostro%20V5459A%20-%20P68G001/Dell-Vostro-V5459A-P68G001-1.jpg" style="box-sizing: border-box; border: 0px; vertical-align: middle; display: inline;" /></span></p>\r\n	<p style="box-sizing: border-box; margin: 0px 0px 10px; text-align: center;">\r\n		<span style="box-sizing: border-box; font-family: Arial;"><em style="box-sizing: border-box;">Thiết kế chắc chắn cùng vẻ ngoài lịch lãm, sang trọng là bản sắc thiết kế vốn có của Dell</em></span></p>\r\n	<p style="box-sizing: border-box; margin: 0px 0px 10px;">\r\n		<span style="box-sizing: border-box; font-family: Arial;">Vostro V5459A - P68G001 sẽ rất thích hợp với phân khúc khách hàng lịch lãm, yêu thích sự đơn giản, thể hiện lên cá tính chuyên nghiệp của người sử dụng. Tất cả là nhờ vào dáng vẻ gọn gàng, cứng cáp, tinh tế mà ta thường thấy ở những thiết kế của dòng laptop Dell.</span></p>\r\n	<p style="box-sizing: border-box; margin: 0px 0px 10px;">\r\n		<br style="box-sizing: border-box;" />\r\n		<span style="box-sizing: border-box; font-family: Arial;"><span style="box-sizing: border-box; font-weight: 700;">Màn hình đủ dùng, hình ảnh hiển thị rực rỡ</span></span></p>\r\n	<p style="box-sizing: border-box; margin: 0px 0px 10px;">\r\n		<span style="box-sizing: border-box; font-family: Arial;">Giải trí hay công việc đều sẽ thuận lợi hơn khi sử dụng một chiếc máy màn hình đủ dùng. Màn hình kích thước 14 inch độ phân giải HD 1366×768 pixel của Vostro V5459A - P68G001 sẽ làm vừa lòng bạn khi sử dụng.&nbsp;</span></p>\r\n	<p style="box-sizing: border-box; margin: 0px 0px 10px; text-align: center;">\r\n		<img alt="" data-original="http://cdn.viettelstore.vn/Images/Product/ProductImage/may-tinh/2-%20Delll/Dell%20Vostro%20V5459A%20-%20P68G001/Dell-Vostro-V5459A-P68G001-3.jpg" src="http://cdn.viettelstore.vn/Images/Product/ProductImage/may-tinh/2-%20Delll/Dell%20Vostro%20V5459A%20-%20P68G001/Dell-Vostro-V5459A-P68G001-3.jpg" style="box-sizing: border-box; border: 0px; vertical-align: middle; display: inline;" /></p>\r\n	<p style="box-sizing: border-box; margin: 0px 0px 10px; text-align: center;">\r\n		<span style="box-sizing: border-box; font-family: Arial;"><em style="box-sizing: border-box;">Màn hình rộng đi kèm với bàn phím kết hợp Touch Pad dễ dàng thao tác là những điểm cộng lớn đối với Vostro V5459A - P68G001</em></span></p>\r\n	<p style="box-sizing: border-box; margin: 0px 0px 10px;">\r\n		<span style="box-sizing: border-box; font-family: Arial;">Hơn nữa, công nghệ màn hình HD Glare mang lại khả năng hiển thị màu sắc hài hòa, độ sáng cao, góc nhìn tốt. Độ phân giải 1366x768 pixel giúp cho các chi tiết trở nên rõ ràng và trung thực hơn.</span></p>\r\n	<p style="box-sizing: border-box; margin: 0px 0px 10px;">\r\n		<span style="box-sizing: border-box; font-family: Arial;">&nbsp;</span></p>\r\n	<p style="box-sizing: border-box; margin: 0px 0px 10px;">\r\n		<span style="box-sizing: border-box; font-family: Arial;"><span style="box-sizing: border-box; font-weight: 700;">Cấu hình cao so với mức giá</span></span></p>\r\n	<p style="box-sizing: border-box; margin: 0px 0px 10px;">\r\n		<span style="box-sizing: border-box; font-family: Arial;">Máy tính xách tay Vostro V5459A - P68G001 sở hữu bộ vi xử lý Intel Core i5 6200U, mang đến khả năng hoạt động tốt và tiết kiệm được lượng điện năng tiêu thụ. Máy tính xách tay Vostro V5459A - P68G001 có thể đáp ứng được nhu cầu hoạt động cùng lúc nhiều chương trình mà vẫn đảm bảo được độ mượt mà nhờ vào RAM với dung lượng 4 GB, hỗ trợ bạn hoàn thành tốt công việc cũng như nhu cầu giải trí.&nbsp;</span></p>\r\n	<p style="box-sizing: border-box; margin: 0px 0px 10px; text-align: center;">\r\n		<img alt="" data-original="http://cdn.viettelstore.vn/Images/Product/ProductImage/may-tinh/2-%20Delll/Dell%20Vostro%20V5459A%20-%20P68G001/Dell-Vostro-V5459A-P68G001-5.jpg" src="http://cdn.viettelstore.vn/Images/Product/ProductImage/may-tinh/2-%20Delll/Dell%20Vostro%20V5459A%20-%20P68G001/Dell-Vostro-V5459A-P68G001-5.jpg" style="box-sizing: border-box; border: 0px; vertical-align: middle; display: inline;" /></p>\r\n	<p style="box-sizing: border-box; margin: 0px 0px 10px; text-align: center;">\r\n		<span style="box-sizing: border-box; font-family: Arial;"><em style="box-sizing: border-box;">Vostro V5459A - P68G001 đáp ứng được đầy đủ nhu cầu sử dụng trong công việc và giải trí của bạn</em></span></p>\r\n	<p style="box-sizing: border-box; margin: 0px 0px 10px;">\r\n		<span style="box-sizing: border-box; font-family: Arial;">Máy đáp ứng được các nhu cầu công việc và giải trí thường ngày của người dùng. Khả năng xử lý đồ họa cũng được cải thiện tốt hơn với card đồ họa Nvidia Geforce 930 - 2G DDR3. Với cấu hình này, bạn hoàn toàn có thể đảm nhận những xử lý đồ họa phức tạp, nâng cao trải nghiệm trong việc giải trí và công việc một cách hiệu quả nhất.</span></p>\r\n	<p style="box-sizing: border-box; margin: 0px 0px 10px;">\r\n		<span style="box-sizing: border-box; font-family: Arial;">&nbsp;</span></p>\r\n	<p style="box-sizing: border-box; margin: 0px 0px 10px;">\r\n		<span style="box-sizing: border-box; font-family: Arial;"><span style="box-sizing: border-box; font-weight: 700;">Ổ cứng 500 GB thoải mái lưu trữ</span></span></p>\r\n	<p style="box-sizing: border-box; margin: 0px 0px 10px; text-align: center;">\r\n		<span style="box-sizing: border-box; font-family: Arial;"><img alt="" data-original="http://cdn.viettelstore.vn/Images/Product/ProductImage/may-tinh/2-%20Delll/Dell%20Vostro%20V5459A%20-%20P68G001/Dell-Vostro-V5459A-P68G001-4.jpg" src="http://cdn.viettelstore.vn/Images/Product/ProductImage/may-tinh/2-%20Delll/Dell%20Vostro%20V5459A%20-%20P68G001/Dell-Vostro-V5459A-P68G001-4.jpg" style="box-sizing: border-box; border: 0px; vertical-align: middle; display: inline;" /></span></p>\r\n	<p style="box-sizing: border-box; margin: 0px 0px 10px; text-align: center;">\r\n		<span style="box-sizing: border-box; font-family: Arial;"><em style="box-sizing: border-box;">Vostro V5459A - P68G001 được tích công nghệ tiết kiệm pin làm tăng tối đa thời gian trải nghiệm laptop của bạn</em></span></p>\r\n	<p style="box-sizing: border-box; margin: 0px 0px 10px;">\r\n		<span style="box-sizing: border-box; font-family: Arial;">Ổ đĩa cứng 500 GB được tích hợp trên máy&nbsp;<span style="box-sizing: border-box; font-weight: 700;">Vostro V5459A - P68G001</span>&nbsp;giúp cho bạn có thể chủ động hơn trong công việc lưu trữ dữ liệu cũng như quản lý các ứng dụng, trò chơi. Không còn phải lo nghĩ quá nhiều về tình trạng hết bộ nhớ trống.&nbsp;</span></p>\r\n</div>\r\n', '12 tháng', 'Ba lô', 2, 12000000, '<table cellpadding="0" cellspacing="0" style="box-sizing: border-box; border-spacing: 0px; border-collapse: collapse; width: 835px; margin-bottom: 10px; color: rgb(51, 51, 51); font-family: Arial, Helvetica, sans-serif; font-size: 14px;">\r\n	<tbody style="box-sizing: border-box;">\r\n		<tr style="box-sizing: border-box; border-top: 1px solid rgb(232, 232, 232); height: 39px;">\r\n			<td style="box-sizing: border-box; padding: 0px; color: rgb(78, 78, 78); vertical-align: middle; width: 180px;">\r\n				Màn hình:</td>\r\n			<td style="box-sizing: border-box; padding: 0px; color: rgb(78, 78, 78); vertical-align: middle;">\r\n				14&quot;, HD Glare, LED, 1366 x 768 pixels</td>\r\n		</tr>\r\n		<tr style="box-sizing: border-box; border-top: 1px solid rgb(232, 232, 232); height: 39px;">\r\n			<td style="box-sizing: border-box; padding: 0px; color: rgb(78, 78, 78); vertical-align: middle; width: 180px;">\r\n				Bộ vi xử lý:</td>\r\n			<td style="box-sizing: border-box; padding: 0px; color: rgb(78, 78, 78); vertical-align: middle;">\r\n				Intel Core i5 6200U (3MB Cache, up to 2.8 GHz)</td>\r\n		</tr>\r\n		<tr style="box-sizing: border-box; border-top: 1px solid rgb(232, 232, 232); height: 39px;">\r\n			<td style="box-sizing: border-box; padding: 0px; color: rgb(78, 78, 78); vertical-align: middle; width: 180px;">\r\n				Bộ nhớ:</td>\r\n			<td style="box-sizing: border-box; padding: 0px; color: rgb(78, 78, 78); vertical-align: middle;">\r\n				4GB,DDR3L, 1600MHz</td>\r\n		</tr>\r\n		<tr style="box-sizing: border-box; border-top: 1px solid rgb(232, 232, 232); height: 39px;">\r\n			<td style="box-sizing: border-box; padding: 0px; color: rgb(78, 78, 78); vertical-align: middle; width: 180px;">\r\n				Ổ cứng:</td>\r\n			<td style="box-sizing: border-box; padding: 0px; color: rgb(78, 78, 78); vertical-align: middle;">\r\n				HDD, 500GB, 5400rpm</td>\r\n		</tr>\r\n		<tr style="box-sizing: border-box; border-top: 1px solid rgb(232, 232, 232); height: 39px;">\r\n			<td style="box-sizing: border-box; padding: 0px; color: rgb(78, 78, 78); vertical-align: middle; width: 180px;">\r\n				Hệ điều hành:</td>\r\n			<td style="box-sizing: border-box; padding: 0px; color: rgb(78, 78, 78); vertical-align: middle;">\r\n				Win 10 Home 64 bit - OFFICE 365</td>\r\n		</tr>\r\n		<tr style="box-sizing: border-box; border-top: 1px solid rgb(232, 232, 232); height: 39px;">\r\n			<td style="box-sizing: border-box; padding: 0px; color: rgb(78, 78, 78); vertical-align: middle; width: 180px;">\r\n				Card đồ họa:</td>\r\n			<td style="box-sizing: border-box; padding: 0px; color: rgb(78, 78, 78); vertical-align: middle;">\r\n				Nvidia Geforce 930 - 2G DDR3</td>\r\n		</tr>\r\n		<tr style="box-sizing: border-box; border-top: 1px solid rgb(232, 232, 232); height: 39px;">\r\n			<td style="box-sizing: border-box; padding: 0px; color: rgb(78, 78, 78); vertical-align: middle; width: 180px;">\r\n				Webcam:</td>\r\n			<td style="box-sizing: border-box; padding: 0px; color: rgb(78, 78, 78); vertical-align: middle;">\r\n				Có</td>\r\n		</tr>\r\n		<tr style="box-sizing: border-box; border-top: 1px solid rgb(232, 232, 232); height: 39px;">\r\n			<td style="box-sizing: border-box; padding: 0px; color: rgb(78, 78, 78); vertical-align: middle; width: 180px;">\r\n				Kích thước:</td>\r\n			<td style="box-sizing: border-box; padding: 0px; color: rgb(78, 78, 78); vertical-align: middle;">\r\n				340 x 240 x 18.5 mm</td>\r\n		</tr>\r\n		<tr style="box-sizing: border-box; border-top: 1px solid rgb(232, 232, 232); height: 39px;">\r\n			<td style="box-sizing: border-box; padding: 0px; color: rgb(78, 78, 78); vertical-align: middle; width: 180px;">\r\n				Trọng lượng:</td>\r\n			<td style="box-sizing: border-box; padding: 0px; color: rgb(78, 78, 78); vertical-align: middle;">\r\n				1.70 kg</td>\r\n		</tr>\r\n		<tr style="box-sizing: border-box; border-top: 1px solid rgb(232, 232, 232); height: 39px;">\r\n			<td style="box-sizing: border-box; padding: 0px; color: rgb(78, 78, 78); vertical-align: middle; width: 180px;">\r\n				Loại pin:</td>\r\n			<td style="box-sizing: border-box; padding: 0px; color: rgb(78, 78, 78); vertical-align: middle;">\r\n				Li-Ion 3 cell</td>\r\n		</tr>\r\n		<tr style="box-sizing: border-box; border-top: 1px solid rgb(232, 232, 232); height: 39px;">\r\n			<td style="box-sizing: border-box; padding: 0px; color: rgb(78, 78, 78); vertical-align: middle; width: 180px;">\r\n				Bảo hành:</td>\r\n			<td style="box-sizing: border-box; padding: 0px; color: rgb(78, 78, 78); vertical-align: middle;">\r\n				12 tháng</td>\r\n		</tr>\r\n	</tbody>\r\n</table>\r\n'),
(13, 'iPhone 6s 16GB', 'iPhone 6s 16GB.jpeg', '4', 12900000, 'True', 'True', 'True', '<p>• Màn hình: 4.7 inch Retina HD with 3D touch<br />• CPU:&nbsp;Apple A9 64-bit, Dual-core 1.84 GHz<br />• RAM/ROM: 2 GB/16 GB<br />• Camera: 12 MP/5 MP<br />• Pin: 1715 mAh</p>', '', '', 0, 0, ''),
(14, 'iPhone 6s Plus 128GB', 'iPhone 6s Plus 128GB.png', '4', 16900000, 'True', 'True', 'True', '<p>• Màn hình: 5.5 inch Retina HD with 3D touch<br />• CPU: Apple A9 64-bit, Dual-core 1.84 GHz<br />• RAM/ROM: 2 GB/128 GB<br />• Camera: 12 MP/5 MP<br />• Pin: 2750 mAh</p>', '', '', 0, 0, ''),
(15, 'HTC 10', 'HTC 10.jpeg', '6', 7990000, 'True', 'True', 'True', '<p>• Màn h́ình: 5.5", IPS LCD, Full HD, 1080 x 1920 pixels<br />• CPU: MTK Helio P10 8 nhân 64-bit<br />• RAM/ROM: 4 GB/64 GB<br />• Camera: 20 MP/13 MP<br />• Pin:&nbsp;Li-Ion 3000 mAh</p>', '', '', 0, 0, ''),
(16, 'ASUS ZenPad 7.0 (Z370CG)', 'ASUS ZenPad 7.0 (Z370CG).png', '7', 3890000, 'True', 'False', 'False', '<p>• Màn hình:&nbsp;7 inch IPS LCD<br />• CPU: Intel Atom x3-C3230, Quad-core 1.2 GHz<br />• RAM/ROM: 2 GB/16 GB<br />• Camera: 8 MP/2 MP<br />• Pin: Li-Poly, 3500 mAh</p>', '', '', 0, 0, ''),
(17, 'Asus Zenpad 8 z380', 'asus-zenpad-8-z380.jpg', '7', 4990000, 'True', 'False', 'False', '<p>• Màn hình: 8'' LED Backlight IPS<br />• CPU: Qualcomm MSM8916, Quad-core 1.2GHz<br />• RAM/ROM: 2 GB/16 GB<br />• Camera: 8 MP/2 MP<br />• Pin: 4108 mAh</p>', '', '', 0, 0, ''),
(18, 'iPad Air 2 Wifi 16GB', 'iPad Air 2 Wifi 16GB.png', '8', 8890000, 'True', 'False', 'False', '<p>• Màn hình: 9.7 inch Retina công nghệ IPS<br />• CPU: Apple A8X, 3 nhân 1.5 GHz<br />• RAM/ROM: 2 GB/16 GB<br />• Camera: 8 MP/1.2 MP<br />• Pin: 7340 mAh</p>', '', '', 0, 0, ''),
(19, 'HTC Desire 526G', 'HTC Desire 526G.jpeg', '6', 1990000, 'True', 'False', 'False', '<p>• Màn hình: 4.7" LCD&nbsp;<br />• CPU: MTK 6582, Quad-core 1.3GHz<br />• RAM/ROM: 1 GB/8 GB<br />• Camera: 8.0 MP/ 2.0 MP&nbsp;<br />• Pin: 2000 mAh</p>', '', '', 0, 0, ''),
(20, 'iPad-Air-Wifi', 'iPad-Air-Wifi.jpeg', '8', 12490000, 'True', 'False', 'True', '<p>• Màn hình: 9.7 inch Retina công nghệ IPS<br />• CPU: Apple A8X, 3 nhân 1.5 GHz<br />• RAM/ROM: 2 GB/128 GB<br />• Camera: 8 MP/1.2 MP<br />• Pin: 7340 mAh</p>', '', '', 0, 0, '');

--
-- Index pour les tables exportées
--

--
-- Index pour la table `account`
--
ALTER TABLE `account`
  ADD PRIMARY KEY (`Account`);

--
-- Index pour la table `chitietdonhang`
--
ALTER TABLE `chitietdonhang`
  ADD PRIMARY KEY (`id`);

--
-- Index pour la table `donhang`
--
ALTER TABLE `donhang`
  ADD PRIMARY KEY (`id`);

--
-- Index pour la table `lienhe`
--
ALTER TABLE `lienhe`
  ADD PRIMARY KEY (`id`);

--
-- Index pour la table `menucha`
--
ALTER TABLE `menucha`
  ADD PRIMARY KEY (`id`);

--
-- Index pour la table `menucon`
--
ALTER TABLE `menucon`
  ADD PRIMARY KEY (`id`);

--
-- Index pour la table `product`
--
ALTER TABLE `product`
  ADD PRIMARY KEY (`IdProduct`);

--
-- AUTO_INCREMENT pour les tables exportées
--

--
-- AUTO_INCREMENT pour la table `chitietdonhang`
--
ALTER TABLE `chitietdonhang`
  MODIFY `id` int(10) NOT NULL AUTO_INCREMENT, AUTO_INCREMENT=20;
--
-- AUTO_INCREMENT pour la table `lienhe`
--
ALTER TABLE `lienhe`
  MODIFY `id` int(10) NOT NULL AUTO_INCREMENT, AUTO_INCREMENT=9;
--
-- AUTO_INCREMENT pour la table `menucha`
--
ALTER TABLE `menucha`
  MODIFY `id` int(10) NOT NULL AUTO_INCREMENT, AUTO_INCREMENT=4;
--
-- AUTO_INCREMENT pour la table `menucon`
--
ALTER TABLE `menucon`
  MODIFY `id` int(10) NOT NULL AUTO_INCREMENT, AUTO_INCREMENT=9;
--
-- AUTO_INCREMENT pour la table `product`
--
ALTER TABLE `product`
  MODIFY `IdProduct` int(10) NOT NULL AUTO_INCREMENT, AUTO_INCREMENT=22;
/*!40101 SET CHARACTER_SET_CLIENT=@OLD_CHARACTER_SET_CLIENT */;
/*!40101 SET CHARACTER_SET_RESULTS=@OLD_CHARACTER_SET_RESULTS */;
/*!40101 SET COLLATION_CONNECTION=@OLD_COLLATION_CONNECTION */;
